#
# There is insufficient memory for the Java Runtime Environment to continue.
# Native memory allocation (mmap) failed to map 241172480 bytes. Error detail: G1 virtual space
# Possible reasons:
#   The system is out of physical RAM or swap space
#   This process is running with CompressedOops enabled, and the Java Heap may be blocking the growth of the native heap
# Possible solutions:
#   Reduce memory load on the system
#   Increase physical memory or swap space
#   Check if swap backing store is full
#   Decrease Java heap size (-Xmx/-Xms)
#   Decrease number of Java threads
#   Decrease Java thread stack sizes (-Xss)
#   Set larger code cache with -XX:ReservedCodeCacheSize=
#   JVM is running with Unscaled Compressed Oops mode in which the Java heap is
#     placed in the first 4GB address space. The Java Heap base address is the
#     maximum limit for the native heap growth. Please use -XX:HeapBaseMinAddress
#     to set the Java Heap base and to place the Java Heap above 4GB virtual address.
# This output file may be truncated or incomplete.
#
#  Out of Memory Error (os_windows.cpp:3630), pid=26140, tid=42788
#
# JRE version: OpenJDK Runtime Environment Temurin-17.0.20.1+1 (17.0.20.1+1) (build 17.0.20.1+1)
# Java VM: OpenJDK 64-Bit Server VM Temurin-17.0.20.1+1 (17.0.20.1+1, mixed mode, sharing, tiered, compressed oops, compressed class ptrs, g1 gc, windows-amd64)
# No core dump will be written. Minidumps are not enabled by default on client versions of Windows
#

---------------  S U M M A R Y ------------

Command Line: --add-opens=java.base/java.util=ALL-UNNAMED --add-opens=java.base/java.lang=ALL-UNNAMED --add-opens=java.base/java.lang.invoke=ALL-UNNAMED --add-opens=java.prefs/java.util.prefs=ALL-UNNAMED --add-exports=jdk.compiler/com.sun.tools.javac.api=ALL-UNNAMED --add-exports=jdk.compiler/com.sun.tools.javac.util=ALL-UNNAMED --add-opens=java.base/java.nio.charset=ALL-UNNAMED --add-opens=java.base/java.net=ALL-UNNAMED --add-opens=java.base/java.util.concurrent.atomic=ALL-UNNAMED -Xmx2048m -Dfile.encoding=UTF-8 -Duser.country=CN -Duser.language=zh -Duser.variant -javaagent:E:\dev\.gradle\wrapper\dists\gradle-8.9-bin\78qddjpeqn5v6yec3xb8kv9ca\gradle-8.9\lib\agents\gradle-instrumentation-agent-8.9.jar org.gradle.launcher.daemon.bootstrap.GradleDaemon 8.9

Host: AMD Ryzen 9 8945HX with Radeon Graphics        , 32 cores, 15G,  Windows 11 , 64 bit Build 26100 (10.0.26100.9444)
Time: Mon Oct  5 21:50:02 2026  Windows 11 , 64 bit Build 26100 (10.0.26100.9444) elapsed time: 36.775929 seconds (0d 0h 0m 36s)

---------------  T H R E A D  ---------------

Current thread (0x000001deff576ce0):  VMThread "VM Thread" [stack: 0x0000001a6e500000,0x0000001a6e600000] [id=42788]

Stack: [0x0000001a6e500000,0x0000001a6e600000]
Native frames: (J=compiled Java code, j=interpreted, Vv=VM code, C=native code)
V  [jvm.dll+0x684d39]
V  [jvm.dll+0x83a565]
V  [jvm.dll+0x83bfde]
V  [jvm.dll+0x83c663]
V  [jvm.dll+0x2490cf]
V  [jvm.dll+0x681af9]
V  [jvm.dll+0x6768ba]
V  [jvm.dll+0x309467]
V  [jvm.dll+0x310a56]
V  [jvm.dll+0x360f3e]
V  [jvm.dll+0x36117d]
V  [jvm.dll+0x2e04ec]
V  [jvm.dll+0x2de8c2]
V  [jvm.dll+0x2de05c]
V  [jvm.dll+0x320cab]
V  [jvm.dll+0x840e7d]
V  [jvm.dll+0x841bb3]
V  [jvm.dll+0x8420df]
V  [jvm.dll+0x8424c5]
V  [jvm.dll+0x84258e]
V  [jvm.dll+0x7eb17c]
V  [jvm.dll+0x683c07]
C  [ucrtbase.dll+0x2cd30]
C  [KERNEL32.DLL+0x2cd87]
C  [ntdll.dll+0xacaec]

VM_Operation (0x0000001a0b5fc1b0): G1CollectForAllocation, mode: safepoint, requested by thread 0x000001dedc58cd40


---------------  P R O C E S S  ---------------

Threads class SMR info:
_java_thread_list=0x000001deeefc7b00, length=439, elements={
0x000001defa7b04f0, 0x000001deff57b0c0, 0x000001deff57c6b0, 0x000001dedc084cb0,
0x000001dedc0871a0, 0x000001dedc089690, 0x000001dedc08db80, 0x000001dedc0923b0,
0x000001deff59ddd0, 0x000001deff59e2f0, 0x000001deff564640, 0x000001dedc2a3bb0,
0x000001dee224afe0, 0x000001dedc7825a0, 0x000001dedc3d2470, 0x000001dee25ffc00,
0x000001dee2612ee0, 0x000001dee271b220, 0x000001dee271b730, 0x000001dee271d080,
0x000001dee2719de0, 0x000001dee271cb70, 0x000001dee271bc40, 0x000001dee27198d0,
0x000001dee271a2f0, 0x000001dee271ad10, 0x000001dee271a800, 0x000001dee271c150,
0x000001dee271c660, 0x000001dee37a2920, 0x000001dee37a2e30, 0x000001dee37a3850,
0x000001dee37a3d60, 0x000001dee37a4780, 0x000001dee37a2410, 0x000001dee37a51a0,
0x000001dee37a1f00, 0x000001dee37a8e60, 0x000001dee37a7510, 0x000001dee37a56b0,
0x000001dee37a60d0, 0x000001dee37a5bc0, 0x000001dee37a9370, 0x000001dee37a7a20,
0x000001dee37a9880, 0x000001dee37a7000, 0x000001dee37a65e0, 0x000001dee37a7f30,
0x000001dee37a6af0, 0x000001dee37a8440, 0x000001dee37a8950, 0x000001dee5557040,
0x000001dee55547c0, 0x000001dee5557550, 0x000001dee5555c00, 0x000001dee5553da0,
0x000001dee5556110, 0x000001dee5556620, 0x000001dee55542b0, 0x000001dee5557a60,
0x000001dee5557f70, 0x000001dee5558480, 0x000001dee5556b30, 0x000001dee5554cd0,
0x000001dee5558990, 0x000001dee55556f0, 0x000001dee55551e0, 0x000001dee555ad00,
0x000001dee555a2e0, 0x000001dee5558ea0, 0x000001dee555a7f0, 0x000001dee55593b0,
0x000001dee55598c0, 0x000001dee555b210, 0x000001dee555b720, 0x000001dee5559dd0,
0x000001dee4a8e160, 0x000001dee4a8dc50, 0x000001dee4a904d0, 0x000001dee4a8ffc0,
0x000001dee4a8e670, 0x000001dee4a8f090, 0x000001dee4a8eb80, 0x000001dee4a909e0,
0x000001dee4a90ef0, 0x000001dee4a8d740, 0x000001dee4a8f5a0, 0x000001dee4a92840,
0x000001dee4a91910, 0x000001dee4a91400, 0x000001dee4a91e20, 0x000001dee4a92330,
0x000001dee4a92d50, 0x000001dee4a93260, 0x000001dee4a8fab0, 0x000001dee4a93770,
0x000001dee4a93c80, 0x000001dee4a94190, 0x000001dee4a946a0, 0x000001dee4a94bb0,
0x000001dee4a950c0, 0x000001dee4a9b430, 0x000001dee4a9b940, 0x000001dee4a995d0,
0x000001dee4a99ae0, 0x000001dee4a986a0, 0x000001dee4a99ff0, 0x000001dee4a9a500,
0x000001dee4a9aa10, 0x000001dee4a9af20, 0x000001dee4a9be50, 0x000001dee4a9c360,
0x000001dee4a98bb0, 0x000001dee4a9c870, 0x000001dee4a990c0, 0x000001dee4a9cd80,
0x000001dee4a9f600, 0x000001dee4a9fb10, 0x000001dee4a9f0f0, 0x000001dee4a9d290,
0x000001dee4aa0020, 0x000001dee4a9d7a0, 0x000001dee4a9dcb0, 0x000001dee4a9e1c0,
0x000001dee4a9e6d0, 0x000001dee4a9ebe0, 0x000001dee7683ab0, 0x000001dee7685910,
0x000001dee768a500, 0x000001dee76895d0, 0x000001dee7686d50, 0x000001dee7687260,
0x000001dee7687c80, 0x000001dee7688bb0, 0x000001dee7689ae0, 0x000001dee7689ff0,
0x000001dee768aa10, 0x000001dee7688190, 0x000001dee76886a0, 0x000001dee7e43560,
0x000001dee7e44490, 0x000001dee7e453c0, 0x000001dee7e449a0, 0x000001dee7e42b40,
0x000001dee7e42630, 0x000001dee7e43050, 0x000001dee7e43a70, 0x000001dee7e43f80,
0x000001dee7e41c10, 0x000001dee7e44eb0, 0x000001dee7e458d0, 0x000001dee7e45de0,
0x000001dee7e42120, 0x000001dee7e49590, 0x000001dee7e48660, 0x000001dee7e47c40,
0x000001dee7e47220, 0x000001dee7e49080, 0x000001dee7e46d10, 0x000001dee7e47730,
0x000001dee7e462f0, 0x000001dee7e48150, 0x000001dee133b550, 0x000001dee133ba60,
0x000001dee1339c00, 0x000001dee133bf70, 0x000001dee133d8c0, 0x000001dee133c480,
0x000001dee133c990, 0x000001dee133cea0, 0x000001dee133ab30, 0x000001dee133d3b0,
0x000001dee133b040, 0x000001dee133a110, 0x000001dee133a620, 0x000001dee133f210,
0x000001dee1341580, 0x000001dee133f720, 0x000001dee1340b60, 0x000001dee133ed00,
0x000001dee133ddd0, 0x000001dee133e2e0, 0x000001dee133fc30, 0x000001dee133e7f0,
0x000001dee1340140, 0x000001dee1340650, 0x000001dee1341070, 0x000001dee33f1050,
0x000001dee33ed8a0, 0x000001dee33eece0, 0x000001dee33f0b40, 0x000001dee33efc10,
0x000001dee33f1560, 0x000001dee33f0120, 0x000001dee33ee2c0, 0x000001dee33ee7d0,
0x000001dee33ef700, 0x000001dee33f0630, 0x000001dee33ef1f0, 0x000001dee33eddb0,
0x000001dee33f2490, 0x000001dee33f29a0, 0x000001dee33f5220, 0x000001dee33f4d10,
0x000001dee33f33c0, 0x000001dee33f38d0, 0x000001dee33f4800, 0x000001dee33f2eb0,
0x000001dee33f42f0, 0x000001dee33f1a70, 0x000001dee33f3de0, 0x000001dee33f1f80,
0x000001dee1aa4040, 0x000001dee1aa4f70, 0x000001dee1aa63b0, 0x000001dee1aa5990,
0x000001dee1aa77f0, 0x000001dee1aa4a60, 0x000001dee1aa5ea0, 0x000001dee1aa5480,
0x000001dee1aa68c0, 0x000001dee1aa6dd0, 0x000001dee1aa7d00, 0x000001dee1aa72e0,
0x000001dee1aaafa0, 0x000001dee1aab9c0, 0x000001dee1aa8210, 0x000001dee1aaa580,
0x000001dee1aaa070, 0x000001dee1aab4b0, 0x000001dee1aaaa90, 0x000001dee1aabed0,
0x000001dee1aa8720, 0x000001dee1aac3e0, 0x000001dee1aa8c30, 0x000001dee1aac8f0,
0x000001dee1aa9140, 0x000001dee1aace00, 0x000001dee1aa9b60, 0x000001dee1aa9650,
0x000001dee1ab0ac0, 0x000001dee1aaf680, 0x000001dee1aadd30, 0x000001dee1ab00a0,
0x000001dee1aafb90, 0x000001dee1ab05b0, 0x000001dee1aad310, 0x000001dee1ab0fd0,
0x000001dee1aaec60, 0x000001dee1aae240, 0x000001dee1aad820, 0x000001dee1ab14e0,
0x000001dee1ab1f00, 0x000001dee1ab19f0, 0x000001dee1aae750, 0x000001dee1ab2410,
0x000001dee1ab2920, 0x000001dee1aaf170, 0x000001dee1ab2e30, 0x000001dee1ab3340,
0x000001dee1ab3850, 0x000001dedc828af0, 0x000001dedc8276b0, 0x000001dedc829000,
0x000001dedc829510, 0x000001dedc829a20, 0x000001dedc829f30, 0x000001dedc82a440,
0x000001dedc8285e0, 0x000001dedc826c90, 0x000001dedc82a950, 0x000001dedc827bc0,
0x000001dedc8271a0, 0x000001dedc82ae60, 0x000001dedc82b370, 0x000001dedc82b880,
0x000001dedc8280d0, 0x000001dedc82ccc0, 0x000001dedc82f030, 0x000001dedc82dbf0,
0x000001dedc82e100, 0x000001dedc82eb20, 0x000001dedc82f540, 0x000001dedc82e610,
0x000001dedc82bd90, 0x000001dedc82fa50, 0x000001dedc82c2a0, 0x000001dedc82ff60,
0x000001dedc82d6e0, 0x000001dedc82c7b0, 0x000001dedc82d1d0, 0x000001dedc830e90,
0x000001dedc8322d0, 0x000001dedc8327e0, 0x000001dedc8313a0, 0x000001dedc833710,
0x000001dedc833c20, 0x000001dedc830980, 0x000001dedc832cf0, 0x000001dedc830470,
0x000001dedc834b50, 0x000001dedc833200, 0x000001dedc831dc0, 0x000001dedc834130,
0x000001dedc835060, 0x000001dedc834640, 0x000001dedc8318b0, 0x000001dedc835570,
0x000001dedc835a80, 0x000001dedc835f90, 0x000001dedc8364a0, 0x000001dee833ef30,
0x000001dee833f950, 0x000001dee833f440, 0x000001dee833fe60, 0x000001dee8340370,
0x000001dee833cbc0, 0x000001dee8340880, 0x000001dee833d0d0, 0x000001dee833ea20,
0x000001dee8340d90, 0x000001dee833d5e0, 0x000001dee83412a0, 0x000001dee833daf0,
0x000001dee833e510, 0x000001dee83417b0, 0x000001dee833e000, 0x000001dee8343610,
0x000001dee8343b20, 0x000001dee8344030, 0x000001dee8343100, 0x000001dee8344540,
0x000001dee8341cc0, 0x000001dee8344a50, 0x000001dee8344f60, 0x000001dee8345980,
0x000001dee8345470, 0x000001dee83421d0, 0x000001dee8345e90, 0x000001dee83426e0,
0x000001dee83463a0, 0x000001dee8342bf0, 0x000001dee8349640, 0x000001dee8349b50,
0x000001dee834a060, 0x000001dee83468b0, 0x000001dee83477e0, 0x000001dee8348710,
0x000001dee83472d0, 0x000001dee8346dc0, 0x000001dee834a570, 0x000001dee834aa80,
0x000001dee834af90, 0x000001dee834b4a0, 0x000001dee834b9b0, 0x000001dee8348200,
0x000001dee834bec0, 0x000001dee834c3d0, 0x000001dee8348c20, 0x000001dee8349130,
0x000001dee7d98e30, 0x000001dee7d96ac0, 0x000001dee7d99340, 0x000001dee7d99850,
0x000001dee7d960a0, 0x000001dee7d974e0, 0x000001dee7d99d60, 0x000001dee7d965b0,
0x000001dee7d97f00, 0x000001dee7d9a270, 0x000001dee7d98410, 0x000001dee7d979f0,
0x000001dee7d98920, 0x000001dee7d9a780, 0x000001dee7d96fd0, 0x000001dee7d9bbc0,
0x000001dee7d9ac90, 0x000001dee7d9b1a0, 0x000001dee7d9ee60, 0x000001dee7d9b6b0,
0x000001dee7d9da20, 0x000001dee7d9d000, 0x000001dee7d9f370, 0x000001dee7d9c5e0,
0x000001dee7d9df30, 0x000001dee7d9e440, 0x000001dee7d9c0d0, 0x000001dee7d9f880,
0x000001dee7d9caf0, 0x000001dee7da07b0, 0x000001dee7da3f60, 0x000001dee7da3a50,
0x000001dee7da2610, 0x000001dee7da4470, 0x000001dee7da2b20, 0x000001dee7da11d0,
0x000001dee7d3b030, 0x000001dee7d3bad0, 0x000001dee50a81c0, 0x000001dee50aec00,
0x000001dee7d9d510, 0x000001dee7da3540, 0x000001dee7da16e0, 0x000001dee7da53a0,
0x000001dee7da58b0, 0x000001dee7da2100, 0x000001dee7da3030, 0x000001dee7686840,
0x000001dee8347cf0, 0x000001dedc58d760, 0x000001dedc58c830, 0x000001dedc58fad0,
0x000001dedc58dc70, 0x000001dedc58eba0, 0x000001dedc58d250, 0x000001dedc58e180,
0x000001dedc58f0b0, 0x000001dedc58e690, 0x000001dedc5904f0, 0x000001dedc58f5c0,
0x000001dedc58cd40, 0x000001dedc591e40, 0x000001dedc590a00, 0x000001dedc590f10,
0x000001dedc591420, 0x000001dedc591930, 0x000001dedc592d70, 0x000001dedc592350,
0x000001dedc592860, 0x000001dedc593280, 0x000001dee50af6a0, 0x000001dee906b9d0,
0x000001dee4faaa60, 0x000001dee709a790, 0x000001dee86bb4d0, 0x000001dee906e0a0,
0x000001dee941e510, 0x000001dee8285c40, 0x000001dee3bd12f0
}

Java Threads: ( => current thread )
  0x000001defa7b04f0 JavaThread "main" [_thread_blocked, id=15076, stack(0x0000001a6df00000,0x0000001a6e000000)]
  0x000001deff57b0c0 JavaThread "Reference Handler" daemon [_thread_blocked, id=44948, stack(0x0000001a6e600000,0x0000001a6e700000)]
  0x000001deff57c6b0 JavaThread "Finalizer" daemon [_thread_blocked, id=11876, stack(0x0000001a6e700000,0x0000001a6e800000)]
  0x000001dedc084cb0 JavaThread "Signal Dispatcher" daemon [_thread_blocked, id=14808, stack(0x0000001a6e800000,0x0000001a6e900000)]
  0x000001dedc0871a0 JavaThread "Attach Listener" daemon [_thread_blocked, id=39808, stack(0x0000001a6e900000,0x0000001a6ea00000)]
  0x000001dedc089690 JavaThread "Service Thread" daemon [_thread_blocked, id=6348, stack(0x0000001a6ea00000,0x0000001a6eb00000)]
  0x000001dedc08db80 JavaThread "Monitor Deflation Thread" daemon [_thread_blocked, id=37952, stack(0x0000001a6eb00000,0x0000001a6ec00000)]
  0x000001dedc0923b0 JavaThread "C2 CompilerThread0" daemon [_thread_in_native, id=42692, stack(0x0000001a6ec00000,0x0000001a6ed00000)]
  0x000001deff59ddd0 JavaThread "C1 CompilerThread0" daemon [_thread_blocked, id=4432, stack(0x0000001a6ed00000,0x0000001a6ee00000)]
  0x000001deff59e2f0 JavaThread "Sweeper thread" daemon [_thread_blocked, id=19764, stack(0x0000001a6ee00000,0x0000001a6ef00000)]
  0x000001deff564640 JavaThread "Common-Cleaner" daemon [_thread_blocked, id=30784, stack(0x0000001a6f000000,0x0000001a6f100000)]
  0x000001dedc2a3bb0 JavaThread "Notification Thread" daemon [_thread_blocked, id=29796, stack(0x0000001a6f200000,0x0000001a6f300000)]
  0x000001dee224afe0 JavaThread "Daemon health stats" [_thread_blocked, id=12912, stack(0x0000001a6fc00000,0x0000001a6fd00000)]
  0x000001dedc7825a0 JavaThread "Incoming local TCP Connector on port 1866" [_thread_in_native, id=25152, stack(0x0000001a6f600000,0x0000001a6f700000)]
  0x000001dedc3d2470 JavaThread "Daemon periodic checks" [_thread_blocked, id=24840, stack(0x0000001a6fd00000,0x0000001a6fe00000)]
  0x000001dee25ffc00 JavaThread "Daemon" [_thread_blocked, id=32012, stack(0x0000001a6ff00000,0x0000001a70000000)]
  0x000001dee2612ee0 JavaThread "Handler for socket connection from /127.0.0.1:1866 to /127.0.0.1:1867" [_thread_in_native, id=26768, stack(0x0000001a70000000,0x0000001a70100000)]
  0x000001dee271b220 JavaThread "Cancel handler" [_thread_blocked, id=24664, stack(0x0000001a70100000,0x0000001a70200000)]
  0x000001dee271b730 JavaThread "Daemon worker" [_thread_blocked, id=21068, stack(0x0000001a70200000,0x0000001a70300000)]
  0x000001dee271d080 JavaThread "Asynchronous log dispatcher for DefaultDaemonConnection: socket connection from /127.0.0.1:1866 to /127.0.0.1:1867" [_thread_blocked, id=17360, stack(0x0000001a70300000,0x0000001a70400000)]
  0x000001dee2719de0 JavaThread "Stdin handler" [_thread_blocked, id=43764, stack(0x0000001a70400000,0x0000001a70500000)]
  0x000001dee271cb70 JavaThread "Daemon client event forwarder" [_thread_blocked, id=11404, stack(0x0000001a70500000,0x0000001a70600000)]
  0x000001dee271bc40 JavaThread "Cache worker for journal cache (E:\dev\.gradle\caches\journal-1)" [_thread_blocked, id=24484, stack(0x0000001a70600000,0x0000001a70700000)]
  0x000001dee27198d0 JavaThread "File lock request listener" [_thread_in_native, id=17948, stack(0x0000001a70700000,0x0000001a70800000)]
  0x000001dee271a2f0 JavaThread "Cache worker for file hash cache (E:\dev\.gradle\caches\8.9\fileHashes)" [_thread_blocked, id=17088, stack(0x0000001a70800000,0x0000001a70900000)]
  0x000001dee271ad10 JavaThread "Cache worker for file hash cache (E:\tmp\audio_share\android\.gradle\8.9\fileHashes)" [_thread_blocked, id=8484, stack(0x0000001a71c00000,0x0000001a71d00000)]
  0x000001dee271a800 JavaThread "Cache worker for Build Output Cleanup Cache (E:\tmp\audio_share\android\.gradle\buildOutputCleanup)" [_thread_blocked, id=44368, stack(0x0000001a71d00000,0x0000001a71e00000)]
  0x000001dee271c150 JavaThread "File watcher server" daemon [_thread_blocked, id=44180, stack(0x0000001a72300000,0x0000001a72400000)]
  0x000001dee271c660 JavaThread "File watcher consumer" daemon [_thread_blocked, id=44856, stack(0x0000001a72400000,0x0000001a72500000)]
  0x000001dee37a2920 JavaThread "Cache worker for checksums cache (E:\tmp\audio_share\android\.gradle\8.9\checksums)" [_thread_blocked, id=14064, stack(0x0000001a71b00000,0x0000001a71c00000)]
  0x000001dee37a2e30 JavaThread "Cache worker for file content cache (E:\dev\.gradle\caches\8.9\fileContent)" [_thread_blocked, id=44692, stack(0x0000001a72500000,0x0000001a72600000)]
  0x000001dee37a3850 JavaThread "Cache worker for cache directory md-rule (E:\dev\.gradle\caches\8.9\md-rule)" [_thread_blocked, id=41140, stack(0x0000001a72600000,0x0000001a72700000)]
  0x000001dee37a3d60 JavaThread "Cache worker for cache directory md-supplier (E:\dev\.gradle\caches\8.9\md-supplier)" [_thread_blocked, id=41280, stack(0x0000001a72700000,0x0000001a72800000)]
  0x000001dee37a4780 JavaThread "Unconstrained build operations" [_thread_blocked, id=35928, stack(0x0000001a72900000,0x0000001a72a00000)]
  0x000001dee37a2410 JavaThread "Unconstrained build operations Thread 2" [_thread_blocked, id=35352, stack(0x0000001a72a00000,0x0000001a72b00000)]
  0x000001dee37a51a0 JavaThread "Unconstrained build operations Thread 3" [_thread_blocked, id=36324, stack(0x0000001a72b00000,0x0000001a72c00000)]
  0x000001dee37a1f00 JavaThread "Unconstrained build operations Thread 4" [_thread_blocked, id=33312, stack(0x0000001a72c00000,0x0000001a72d00000)]
  0x000001dee37a8e60 JavaThread "Unconstrained build operations Thread 5" [_thread_blocked, id=44092, stack(0x0000001a72d00000,0x0000001a72e00000)]
  0x000001dee37a7510 JavaThread "Unconstrained build operations Thread 6" [_thread_blocked, id=22192, stack(0x0000001a72e00000,0x0000001a72f00000)]
  0x000001dee37a56b0 JavaThread "Unconstrained build operations Thread 7" [_thread_blocked, id=41144, stack(0x0000001a72f00000,0x0000001a73000000)]
  0x000001dee37a60d0 JavaThread "Unconstrained build operations Thread 8" [_thread_blocked, id=41008, stack(0x0000001a73000000,0x0000001a73100000)]
  0x000001dee37a5bc0 JavaThread "Unconstrained build operations Thread 9" [_thread_blocked, id=33944, stack(0x0000001a73100000,0x0000001a73200000)]
  0x000001dee37a9370 JavaThread "Unconstrained build operations Thread 10" [_thread_blocked, id=27420, stack(0x0000001a73200000,0x0000001a73300000)]
  0x000001dee37a7a20 JavaThread "Unconstrained build operations Thread 11" [_thread_blocked, id=34464, stack(0x0000001a73300000,0x0000001a73400000)]
  0x000001dee37a9880 JavaThread "Unconstrained build operations Thread 12" [_thread_blocked, id=3484, stack(0x0000001a73400000,0x0000001a73500000)]
  0x000001dee37a7000 JavaThread "Unconstrained build operations Thread 13" [_thread_blocked, id=31036, stack(0x0000001a73500000,0x0000001a73600000)]
  0x000001dee37a65e0 JavaThread "Unconstrained build operations Thread 14" [_thread_blocked, id=44356, stack(0x0000001a73600000,0x0000001a73700000)]
  0x000001dee37a7f30 JavaThread "Unconstrained build operations Thread 15" [_thread_blocked, id=2544, stack(0x0000001a73700000,0x0000001a73800000)]
  0x000001dee37a6af0 JavaThread "Unconstrained build operations Thread 16" [_thread_blocked, id=14888, stack(0x0000001a73800000,0x0000001a73900000)]
  0x000001dee37a8440 JavaThread "Unconstrained build operations Thread 17" [_thread_blocked, id=36528, stack(0x0000001a73900000,0x0000001a73a00000)]
  0x000001dee37a8950 JavaThread "Unconstrained build operations Thread 18" [_thread_blocked, id=40756, stack(0x0000001a73a00000,0x0000001a73b00000)]
  0x000001dee5557040 JavaThread "Unconstrained build operations Thread 19" [_thread_blocked, id=18180, stack(0x0000001a73b00000,0x0000001a73c00000)]
  0x000001dee55547c0 JavaThread "Unconstrained build operations Thread 20" [_thread_blocked, id=14804, stack(0x0000001a73c00000,0x0000001a73d00000)]
  0x000001dee5557550 JavaThread "Unconstrained build operations Thread 21" [_thread_blocked, id=43412, stack(0x0000001a73d00000,0x0000001a73e00000)]
  0x000001dee5555c00 JavaThread "Unconstrained build operations Thread 22" [_thread_blocked, id=16284, stack(0x0000001a73e00000,0x0000001a73f00000)]
  0x000001dee5553da0 JavaThread "Unconstrained build operations Thread 23" [_thread_blocked, id=44052, stack(0x0000001a73f00000,0x0000001a74000000)]
  0x000001dee5556110 JavaThread "Unconstrained build operations Thread 24" [_thread_blocked, id=18972, stack(0x0000001a74000000,0x0000001a74100000)]
  0x000001dee5556620 JavaThread "Unconstrained build operations Thread 25" [_thread_blocked, id=43388, stack(0x0000001a74100000,0x0000001a74200000)]
  0x000001dee55542b0 JavaThread "Unconstrained build operations Thread 26" [_thread_blocked, id=17892, stack(0x0000001a74200000,0x0000001a74300000)]
  0x000001dee5557a60 JavaThread "Unconstrained build operations Thread 27" [_thread_blocked, id=19080, stack(0x0000001a74300000,0x0000001a74400000)]
  0x000001dee5557f70 JavaThread "Unconstrained build operations Thread 28" [_thread_blocked, id=6208, stack(0x0000001a74400000,0x0000001a74500000)]
  0x000001dee5558480 JavaThread "Unconstrained build operations Thread 29" [_thread_blocked, id=12844, stack(0x0000001a74500000,0x0000001a74600000)]
  0x000001dee5556b30 JavaThread "Unconstrained build operations Thread 30" [_thread_blocked, id=40860, stack(0x0000001a74600000,0x0000001a74700000)]
  0x000001dee5554cd0 JavaThread "Unconstrained build operations Thread 31" [_thread_blocked, id=9008, stack(0x0000001a74700000,0x0000001a74800000)]
  0x000001dee5558990 JavaThread "Unconstrained build operations Thread 32" [_thread_blocked, id=40016, stack(0x0000001a74800000,0x0000001a74900000)]
  0x000001dee55556f0 JavaThread "Unconstrained build operations Thread 33" [_thread_blocked, id=44352, stack(0x0000001a74900000,0x0000001a74a00000)]
  0x000001dee55551e0 JavaThread "Unconstrained build operations Thread 34" [_thread_blocked, id=35704, stack(0x0000001a74a00000,0x0000001a74b00000)]
  0x000001dee555ad00 JavaThread "Unconstrained build operations Thread 35" [_thread_blocked, id=29600, stack(0x0000001a74b00000,0x0000001a74c00000)]
  0x000001dee555a2e0 JavaThread "Unconstrained build operations Thread 36" [_thread_blocked, id=20412, stack(0x0000001a74c00000,0x0000001a74d00000)]
  0x000001dee5558ea0 JavaThread "Unconstrained build operations Thread 37" [_thread_blocked, id=20148, stack(0x0000001a74d00000,0x0000001a74e00000)]
  0x000001dee555a7f0 JavaThread "Unconstrained build operations Thread 38" [_thread_blocked, id=43952, stack(0x0000001a74e00000,0x0000001a74f00000)]
  0x000001dee55593b0 JavaThread "Unconstrained build operations Thread 39" [_thread_blocked, id=31880, stack(0x0000001a74f00000,0x0000001a75000000)]
  0x000001dee55598c0 JavaThread "Unconstrained build operations Thread 40" [_thread_blocked, id=44016, stack(0x0000001a75000000,0x0000001a75100000)]
  0x000001dee555b210 JavaThread "Unconstrained build operations Thread 41" [_thread_blocked, id=21672, stack(0x0000001a75100000,0x0000001a75200000)]
  0x000001dee555b720 JavaThread "Unconstrained build operations Thread 42" [_thread_blocked, id=43088, stack(0x0000001a75200000,0x0000001a75300000)]
  0x000001dee5559dd0 JavaThread "Unconstrained build operations Thread 43" [_thread_blocked, id=27400, stack(0x0000001a75300000,0x0000001a75400000)]
  0x000001dee4a8e160 JavaThread "Unconstrained build operations Thread 44" [_thread_blocked, id=16960, stack(0x0000001a75400000,0x0000001a75500000)]
  0x000001dee4a8dc50 JavaThread "Unconstrained build operations Thread 45" [_thread_blocked, id=34380, stack(0x0000001a75500000,0x0000001a75600000)]
  0x000001dee4a904d0 JavaThread "Unconstrained build operations Thread 46" [_thread_blocked, id=41416, stack(0x0000001a75600000,0x0000001a75700000)]
  0x000001dee4a8ffc0 JavaThread "Unconstrained build operations Thread 47" [_thread_blocked, id=17820, stack(0x0000001a75700000,0x0000001a75800000)]
  0x000001dee4a8e670 JavaThread "Unconstrained build operations Thread 48" [_thread_blocked, id=28272, stack(0x0000001a75800000,0x0000001a75900000)]
  0x000001dee4a8f090 JavaThread "Unconstrained build operations Thread 49" [_thread_blocked, id=44128, stack(0x0000001a75900000,0x0000001a75a00000)]
  0x000001dee4a8eb80 JavaThread "Unconstrained build operations Thread 50" [_thread_blocked, id=31760, stack(0x0000001a75a00000,0x0000001a75b00000)]
  0x000001dee4a909e0 JavaThread "Unconstrained build operations Thread 51" [_thread_blocked, id=44760, stack(0x0000001a75b00000,0x0000001a75c00000)]
  0x000001dee4a90ef0 JavaThread "Unconstrained build operations Thread 52" [_thread_blocked, id=44520, stack(0x0000001a75c00000,0x0000001a75d00000)]
  0x000001dee4a8d740 JavaThread "Unconstrained build operations Thread 53" [_thread_blocked, id=24600, stack(0x0000001a75d00000,0x0000001a75e00000)]
  0x000001dee4a8f5a0 JavaThread "Unconstrained build operations Thread 54" [_thread_blocked, id=25536, stack(0x0000001a75e00000,0x0000001a75f00000)]
  0x000001dee4a92840 JavaThread "Unconstrained build operations Thread 55" [_thread_blocked, id=11004, stack(0x0000001a75f00000,0x0000001a76000000)]
  0x000001dee4a91910 JavaThread "Unconstrained build operations Thread 56" [_thread_blocked, id=24256, stack(0x0000001a76000000,0x0000001a76100000)]
  0x000001dee4a91400 JavaThread "Unconstrained build operations Thread 57" [_thread_blocked, id=17696, stack(0x0000001a76100000,0x0000001a76200000)]
  0x000001dee4a91e20 JavaThread "Unconstrained build operations Thread 58" [_thread_blocked, id=6476, stack(0x0000001a76200000,0x0000001a76300000)]
  0x000001dee4a92330 JavaThread "Unconstrained build operations Thread 59" [_thread_blocked, id=43692, stack(0x0000001a76300000,0x0000001a76400000)]
  0x000001dee4a92d50 JavaThread "Unconstrained build operations Thread 60" [_thread_blocked, id=12992, stack(0x0000001a76400000,0x0000001a76500000)]
  0x000001dee4a93260 JavaThread "Unconstrained build operations Thread 61" [_thread_blocked, id=27336, stack(0x0000001a76500000,0x0000001a76600000)]
  0x000001dee4a8fab0 JavaThread "Unconstrained build operations Thread 62" [_thread_blocked, id=42532, stack(0x0000001a76600000,0x0000001a76700000)]
  0x000001dee4a93770 JavaThread "Unconstrained build operations Thread 63" [_thread_blocked, id=12568, stack(0x0000001a76700000,0x0000001a76800000)]
  0x000001dee4a93c80 JavaThread "Unconstrained build operations Thread 64" [_thread_blocked, id=43596, stack(0x0000001a76800000,0x0000001a76900000)]
  0x000001dee4a94190 JavaThread "Unconstrained build operations Thread 65" [_thread_blocked, id=25160, stack(0x0000001a76900000,0x0000001a76a00000)]
  0x000001dee4a946a0 JavaThread "Unconstrained build operations Thread 66" [_thread_blocked, id=24072, stack(0x0000001a76a00000,0x0000001a76b00000)]
  0x000001dee4a94bb0 JavaThread "Unconstrained build operations Thread 67" [_thread_blocked, id=29580, stack(0x0000001a76b00000,0x0000001a76c00000)]
  0x000001dee4a950c0 JavaThread "Unconstrained build operations Thread 68" [_thread_blocked, id=43292, stack(0x0000001a76c00000,0x0000001a76d00000)]
  0x000001dee4a9b430 JavaThread "Unconstrained build operations Thread 69" [_thread_blocked, id=10080, stack(0x0000001a76d00000,0x0000001a76e00000)]
  0x000001dee4a9b940 JavaThread "Unconstrained build operations Thread 70" [_thread_blocked, id=22420, stack(0x0000001a76e00000,0x0000001a76f00000)]
  0x000001dee4a995d0 JavaThread "Unconstrained build operations Thread 71" [_thread_blocked, id=28764, stack(0x0000001a76f00000,0x0000001a77000000)]
  0x000001dee4a99ae0 JavaThread "Unconstrained build operations Thread 72" [_thread_blocked, id=12484, stack(0x0000001a77000000,0x0000001a77100000)]
  0x000001dee4a986a0 JavaThread "Unconstrained build operations Thread 73" [_thread_blocked, id=33492, stack(0x0000001a77100000,0x0000001a77200000)]
  0x000001dee4a99ff0 JavaThread "Unconstrained build operations Thread 74" [_thread_blocked, id=16220, stack(0x0000001a77200000,0x0000001a77300000)]
  0x000001dee4a9a500 JavaThread "Unconstrained build operations Thread 75" [_thread_blocked, id=43828, stack(0x0000001a77300000,0x0000001a77400000)]
  0x000001dee4a9aa10 JavaThread "Unconstrained build operations Thread 76" [_thread_blocked, id=17336, stack(0x0000001a77400000,0x0000001a77500000)]
  0x000001dee4a9af20 JavaThread "Unconstrained build operations Thread 77" [_thread_blocked, id=25728, stack(0x0000001a77500000,0x0000001a77600000)]
  0x000001dee4a9be50 JavaThread "Unconstrained build operations Thread 78" [_thread_blocked, id=44472, stack(0x0000001a77600000,0x0000001a77700000)]
  0x000001dee4a9c360 JavaThread "Unconstrained build operations Thread 79" [_thread_blocked, id=23124, stack(0x0000001a77700000,0x0000001a77800000)]
  0x000001dee4a98bb0 JavaThread "Unconstrained build operations Thread 80" [_thread_blocked, id=42564, stack(0x0000001a77800000,0x0000001a77900000)]
  0x000001dee4a9c870 JavaThread "Unconstrained build operations Thread 81" [_thread_blocked, id=35400, stack(0x0000001a77900000,0x0000001a77a00000)]
  0x000001dee4a990c0 JavaThread "Unconstrained build operations Thread 82" [_thread_blocked, id=38468, stack(0x0000001a77a00000,0x0000001a77b00000)]
  0x000001dee4a9cd80 JavaThread "Unconstrained build operations Thread 83" [_thread_blocked, id=40472, stack(0x0000001a77b00000,0x0000001a77c00000)]
  0x000001dee4a9f600 JavaThread "Unconstrained build operations Thread 84" [_thread_blocked, id=33748, stack(0x0000001a77c00000,0x0000001a77d00000)]
  0x000001dee4a9fb10 JavaThread "Unconstrained build operations Thread 85" [_thread_blocked, id=18000, stack(0x0000001a77d00000,0x0000001a77e00000)]
  0x000001dee4a9f0f0 JavaThread "Unconstrained build operations Thread 86" [_thread_blocked, id=22592, stack(0x0000001a77e00000,0x0000001a77f00000)]
  0x000001dee4a9d290 JavaThread "Unconstrained build operations Thread 87" [_thread_blocked, id=34588, stack(0x0000001a77f00000,0x0000001a78000000)]
  0x000001dee4aa0020 JavaThread "Unconstrained build operations Thread 88" [_thread_blocked, id=44048, stack(0x0000001a78000000,0x0000001a78100000)]
  0x000001dee4a9d7a0 JavaThread "Unconstrained build operations Thread 89" [_thread_blocked, id=44940, stack(0x0000001a78100000,0x0000001a78200000)]
  0x000001dee4a9dcb0 JavaThread "Unconstrained build operations Thread 90" [_thread_blocked, id=43480, stack(0x0000001a78200000,0x0000001a78300000)]
  0x000001dee4a9e1c0 JavaThread "Unconstrained build operations Thread 91" [_thread_blocked, id=18412, stack(0x0000001a78300000,0x0000001a78400000)]
  0x000001dee4a9e6d0 JavaThread "Unconstrained build operations Thread 92" [_thread_blocked, id=8860, stack(0x0000001a78400000,0x0000001a78500000)]
  0x000001dee4a9ebe0 JavaThread "Unconstrained build operations Thread 93" [_thread_blocked, id=15452, stack(0x0000001a78500000,0x0000001a78600000)]
  0x000001dee7683ab0 JavaThread "Memory manager" [_thread_blocked, id=22612, stack(0x0000001a78600000,0x0000001a78700000)]
  0x000001dee7685910 JavaThread "build event listener" [_thread_blocked, id=42760, stack(0x0000001a78700000,0x0000001a78800000)]
  0x000001dee768a500 JavaThread "included builds" [_thread_blocked, id=32140, stack(0x0000001a72800000,0x0000001a72900000)]
  0x000001dee76895d0 JavaThread "Execution worker" [_thread_blocked, id=5408, stack(0x0000001a78800000,0x0000001a78900000)]
  0x000001dee7686d50 JavaThread "Execution worker Thread 2" [_thread_blocked, id=18524, stack(0x0000001a78900000,0x0000001a78a00000)]
  0x000001dee7687260 JavaThread "Execution worker Thread 3" [_thread_blocked, id=42524, stack(0x0000001a78a00000,0x0000001a78b00000)]
  0x000001dee7687c80 JavaThread "Execution worker Thread 4" [_thread_blocked, id=30544, stack(0x0000001a78b00000,0x0000001a78c00000)]
  0x000001dee7688bb0 JavaThread "Execution worker Thread 5" [_thread_blocked, id=40820, stack(0x0000001a78c00000,0x0000001a78d00000)]
  0x000001dee7689ae0 JavaThread "Execution worker Thread 6" [_thread_blocked, id=13412, stack(0x0000001a78d00000,0x0000001a78e00000)]
  0x000001dee7689ff0 JavaThread "Execution worker Thread 7" [_thread_blocked, id=37692, stack(0x0000001a78e00000,0x0000001a78f00000)]
  0x000001dee768aa10 JavaThread "Execution worker Thread 8" [_thread_blocked, id=16256, stack(0x0000001a78f00000,0x0000001a79000000)]
  0x000001dee7688190 JavaThread "Execution worker Thread 9" [_thread_blocked, id=3472, stack(0x0000001a79000000,0x0000001a79100000)]
  0x000001dee76886a0 JavaThread "Execution worker Thread 10" [_thread_blocked, id=30568, stack(0x0000001a79100000,0x0000001a79200000)]
  0x000001dee7e43560 JavaThread "Execution worker Thread 11" [_thread_blocked, id=30808, stack(0x0000001a79200000,0x0000001a79300000)]
  0x000001dee7e44490 JavaThread "Execution worker Thread 12" [_thread_blocked, id=18820, stack(0x0000001a79300000,0x0000001a79400000)]
  0x000001dee7e453c0 JavaThread "Execution worker Thread 13" [_thread_blocked, id=20544, stack(0x0000001a79400000,0x0000001a79500000)]
  0x000001dee7e449a0 JavaThread "Execution worker Thread 14" [_thread_blocked, id=9888, stack(0x0000001a79500000,0x0000001a79600000)]
  0x000001dee7e42b40 JavaThread "Execution worker Thread 15" [_thread_blocked, id=43736, stack(0x0000001a79600000,0x0000001a79700000)]
  0x000001dee7e42630 JavaThread "Execution worker Thread 16" [_thread_blocked, id=9848, stack(0x0000001a79700000,0x0000001a79800000)]
  0x000001dee7e43050 JavaThread "Execution worker Thread 17" [_thread_blocked, id=28836, stack(0x0000001a79800000,0x0000001a79900000)]
  0x000001dee7e43a70 JavaThread "Execution worker Thread 18" [_thread_blocked, id=3524, stack(0x0000001a79900000,0x0000001a79a00000)]
  0x000001dee7e43f80 JavaThread "Execution worker Thread 19" [_thread_blocked, id=14784, stack(0x0000001a79a00000,0x0000001a79b00000)]
  0x000001dee7e41c10 JavaThread "Execution worker Thread 20" [_thread_blocked, id=18940, stack(0x0000001a79b00000,0x0000001a79c00000)]
  0x000001dee7e44eb0 JavaThread "Execution worker Thread 21" [_thread_blocked, id=34136, stack(0x0000001a79c00000,0x0000001a79d00000)]
  0x000001dee7e458d0 JavaThread "Execution worker Thread 22" [_thread_blocked, id=17128, stack(0x0000001a79d00000,0x0000001a79e00000)]
  0x000001dee7e45de0 JavaThread "Execution worker Thread 23" [_thread_blocked, id=43624, stack(0x0000001a79e00000,0x0000001a79f00000)]
  0x000001dee7e42120 JavaThread "Execution worker Thread 24" [_thread_blocked, id=30776, stack(0x0000001a79f00000,0x0000001a7a000000)]
  0x000001dee7e49590 JavaThread "Execution worker Thread 25" [_thread_blocked, id=37452, stack(0x0000001a7a000000,0x0000001a7a100000)]
  0x000001dee7e48660 JavaThread "Execution worker Thread 26" [_thread_blocked, id=35920, stack(0x0000001a7a100000,0x0000001a7a200000)]
  0x000001dee7e47c40 JavaThread "Execution worker Thread 27" [_thread_blocked, id=43128, stack(0x0000001a7a200000,0x0000001a7a300000)]
  0x000001dee7e47220 JavaThread "Execution worker Thread 28" [_thread_blocked, id=40796, stack(0x0000001a7a300000,0x0000001a7a400000)]
  0x000001dee7e49080 JavaThread "Execution worker Thread 29" [_thread_blocked, id=26968, stack(0x0000001a7a400000,0x0000001a7a500000)]
  0x000001dee7e46d10 JavaThread "Execution worker Thread 30" [_thread_blocked, id=38832, stack(0x0000001a7a500000,0x0000001a7a600000)]
  0x000001dee7e47730 JavaThread "Execution worker Thread 31" [_thread_blocked, id=13552, stack(0x0000001a7a600000,0x0000001a7a700000)]
  0x000001dee7e462f0 JavaThread "Cache worker for execution history cache (E:\tmp\audio_share\android\.gradle\8.9\executionHistory)" [_thread_blocked, id=30444, stack(0x0000001a7a700000,0x0000001a7a800000)]
  0x000001dee7e48150 JavaThread "Unconstrained build operations Thread 94" [_thread_blocked, id=45000, stack(0x0000001a7aa00000,0x0000001a7ab00000)]
  0x000001dee133b550 JavaThread "Unconstrained build operations Thread 95" [_thread_blocked, id=44132, stack(0x0000001a7ab00000,0x0000001a7ac00000)]
  0x000001dee133ba60 JavaThread "Unconstrained build operations Thread 96" [_thread_blocked, id=44464, stack(0x0000001a7ac00000,0x0000001a7ad00000)]
  0x000001dee1339c00 JavaThread "Unconstrained build operations Thread 97" [_thread_blocked, id=45016, stack(0x0000001a7ad00000,0x0000001a7ae00000)]
  0x000001dee133bf70 JavaThread "Unconstrained build operations Thread 98" [_thread_blocked, id=11620, stack(0x0000001a7ae00000,0x0000001a7af00000)]
  0x000001dee133d8c0 JavaThread "Unconstrained build operations Thread 99" [_thread_blocked, id=43440, stack(0x0000001a7af00000,0x0000001a7b000000)]
  0x000001dee133c480 JavaThread "Unconstrained build operations Thread 100" [_thread_blocked, id=23000, stack(0x0000001a7b000000,0x0000001a7b100000)]
  0x000001dee133c990 JavaThread "Unconstrained build operations Thread 101" [_thread_blocked, id=43160, stack(0x0000001a7b100000,0x0000001a7b200000)]
  0x000001dee133cea0 JavaThread "Unconstrained build operations Thread 102" [_thread_blocked, id=43124, stack(0x0000001a7b200000,0x0000001a7b300000)]
  0x000001dee133ab30 JavaThread "Unconstrained build operations Thread 103" [_thread_blocked, id=43120, stack(0x0000001a7b300000,0x0000001a7b400000)]
  0x000001dee133d3b0 JavaThread "Unconstrained build operations Thread 104" [_thread_blocked, id=30660, stack(0x0000001a7b400000,0x0000001a7b500000)]
  0x000001dee133b040 JavaThread "Unconstrained build operations Thread 105" [_thread_blocked, id=20756, stack(0x0000001a7b500000,0x0000001a7b600000)]
  0x000001dee133a110 JavaThread "Unconstrained build operations Thread 106" [_thread_blocked, id=10524, stack(0x0000001a7b600000,0x0000001a7b700000)]
  0x000001dee133a620 JavaThread "Unconstrained build operations Thread 107" [_thread_blocked, id=29780, stack(0x0000001a7b700000,0x0000001a7b800000)]
  0x000001dee133f210 JavaThread "Unconstrained build operations Thread 108" [_thread_blocked, id=28668, stack(0x0000001a7b800000,0x0000001a7b900000)]
  0x000001dee1341580 JavaThread "Unconstrained build operations Thread 109" [_thread_blocked, id=37872, stack(0x0000001a7b900000,0x0000001a7ba00000)]
  0x000001dee133f720 JavaThread "Unconstrained build operations Thread 110" [_thread_blocked, id=14132, stack(0x0000001a7ba00000,0x0000001a7bb00000)]
  0x000001dee1340b60 JavaThread "Unconstrained build operations Thread 111" [_thread_blocked, id=25852, stack(0x0000001a7bb00000,0x0000001a7bc00000)]
  0x000001dee133ed00 JavaThread "Unconstrained build operations Thread 112" [_thread_blocked, id=39976, stack(0x0000001a7bc00000,0x0000001a7bd00000)]
  0x000001dee133ddd0 JavaThread "Unconstrained build operations Thread 113" [_thread_blocked, id=27360, stack(0x0000001a7bd00000,0x0000001a7be00000)]
  0x000001dee133e2e0 JavaThread "Unconstrained build operations Thread 114" [_thread_blocked, id=25896, stack(0x0000001a7be00000,0x0000001a7bf00000)]
  0x000001dee133fc30 JavaThread "Unconstrained build operations Thread 115" [_thread_blocked, id=36132, stack(0x0000001a7bf00000,0x0000001a7c000000)]
  0x000001dee133e7f0 JavaThread "Unconstrained build operations Thread 116" [_thread_blocked, id=42704, stack(0x0000001a7c000000,0x0000001a7c100000)]
  0x000001dee1340140 JavaThread "Unconstrained build operations Thread 117" [_thread_blocked, id=38072, stack(0x0000001a7c100000,0x0000001a7c200000)]
  0x000001dee1340650 JavaThread "Unconstrained build operations Thread 118" [_thread_blocked, id=24696, stack(0x0000001a7c200000,0x0000001a7c300000)]
  0x000001dee1341070 JavaThread "Unconstrained build operations Thread 119" [_thread_blocked, id=34196, stack(0x0000001a7c300000,0x0000001a7c400000)]
  0x000001dee33f1050 JavaThread "Unconstrained build operations Thread 120" [_thread_blocked, id=6312, stack(0x0000001a7c400000,0x0000001a7c500000)]
  0x000001dee33ed8a0 JavaThread "Unconstrained build operations Thread 121" [_thread_blocked, id=23880, stack(0x0000001a7c500000,0x0000001a7c600000)]
  0x000001dee33eece0 JavaThread "Unconstrained build operations Thread 122" [_thread_blocked, id=4048, stack(0x0000001a7c600000,0x0000001a7c700000)]
  0x000001dee33f0b40 JavaThread "Unconstrained build operations Thread 123" [_thread_blocked, id=25288, stack(0x0000001a7c700000,0x0000001a7c800000)]
  0x000001dee33efc10 JavaThread "Unconstrained build operations Thread 124" [_thread_blocked, id=14372, stack(0x0000001a7c800000,0x0000001a7c900000)]
  0x000001dee33f1560 JavaThread "Unconstrained build operations Thread 125" [_thread_blocked, id=43664, stack(0x0000001a7cc00000,0x0000001a7cd00000)]
  0x000001dee33f0120 JavaThread "Unconstrained build operations Thread 126" [_thread_blocked, id=6204, stack(0x0000001a7cd00000,0x0000001a7ce00000)]
  0x000001dee33ee2c0 JavaThread "Unconstrained build operations Thread 127" [_thread_blocked, id=13540, stack(0x0000001a7ce00000,0x0000001a7cf00000)]
  0x000001dee33ee7d0 JavaThread "Unconstrained build operations Thread 128" [_thread_blocked, id=45020, stack(0x0000001a7cf00000,0x0000001a7d000000)]
  0x000001dee33ef700 JavaThread "Unconstrained build operations Thread 129" [_thread_blocked, id=43304, stack(0x0000001a7d000000,0x0000001a7d100000)]
  0x000001dee33f0630 JavaThread "Unconstrained build operations Thread 130" [_thread_blocked, id=10492, stack(0x0000001a7d100000,0x0000001a7d200000)]
  0x000001dee33ef1f0 JavaThread "Unconstrained build operations Thread 131" [_thread_blocked, id=42848, stack(0x0000001a7d200000,0x0000001a7d300000)]
  0x000001dee33eddb0 JavaThread "Unconstrained build operations Thread 132" [_thread_blocked, id=40548, stack(0x0000001a7d300000,0x0000001a7d400000)]
  0x000001dee33f2490 JavaThread "Unconstrained build operations Thread 133" [_thread_blocked, id=43756, stack(0x0000001a7d400000,0x0000001a7d500000)]
  0x000001dee33f29a0 JavaThread "Unconstrained build operations Thread 134" [_thread_blocked, id=25668, stack(0x0000001a7d500000,0x0000001a7d600000)]
  0x000001dee33f5220 JavaThread "Unconstrained build operations Thread 135" [_thread_blocked, id=44884, stack(0x0000001a7d600000,0x0000001a7d700000)]
  0x000001dee33f4d10 JavaThread "Unconstrained build operations Thread 136" [_thread_blocked, id=31356, stack(0x0000001a7d700000,0x0000001a7d800000)]
  0x000001dee33f33c0 JavaThread "Unconstrained build operations Thread 137" [_thread_blocked, id=42188, stack(0x0000001a7d800000,0x0000001a7d900000)]
  0x000001dee33f38d0 JavaThread "Unconstrained build operations Thread 138" [_thread_blocked, id=38504, stack(0x0000001a7d900000,0x0000001a7da00000)]
  0x000001dee33f4800 JavaThread "Unconstrained build operations Thread 139" [_thread_blocked, id=4200, stack(0x0000001a7da00000,0x0000001a7db00000)]
  0x000001dee33f2eb0 JavaThread "Unconstrained build operations Thread 140" [_thread_blocked, id=39820, stack(0x0000001a7db00000,0x0000001a7dc00000)]
  0x000001dee33f42f0 JavaThread "Unconstrained build operations Thread 141" [_thread_blocked, id=19316, stack(0x0000001a7de00000,0x0000001a7df00000)]
  0x000001dee33f1a70 JavaThread "Unconstrained build operations Thread 142" [_thread_blocked, id=25488, stack(0x0000001a7df00000,0x0000001a7e000000)]
  0x000001dee33f3de0 JavaThread "Unconstrained build operations Thread 143" [_thread_blocked, id=36276, stack(0x0000001a7e000000,0x0000001a7e100000)]
  0x000001dee33f1f80 JavaThread "Unconstrained build operations Thread 144" [_thread_blocked, id=35760, stack(0x0000001a7e100000,0x0000001a7e200000)]
  0x000001dee1aa4040 JavaThread "Unconstrained build operations Thread 145" [_thread_blocked, id=32316, stack(0x0000001a7e200000,0x0000001a7e300000)]
  0x000001dee1aa4f70 JavaThread "Unconstrained build operations Thread 146" [_thread_blocked, id=42736, stack(0x0000001a7e300000,0x0000001a7e400000)]
  0x000001dee1aa63b0 JavaThread "Unconstrained build operations Thread 147" [_thread_blocked, id=34552, stack(0x0000001a7e400000,0x0000001a7e500000)]
  0x000001dee1aa5990 JavaThread "Unconstrained build operations Thread 148" [_thread_blocked, id=38780, stack(0x0000001a7e500000,0x0000001a7e600000)]
  0x000001dee1aa77f0 JavaThread "Unconstrained build operations Thread 149" [_thread_blocked, id=2748, stack(0x0000001a7e600000,0x0000001a7e700000)]
  0x000001dee1aa4a60 JavaThread "Unconstrained build operations Thread 150" [_thread_blocked, id=32336, stack(0x0000001a7e700000,0x0000001a7e800000)]
  0x000001dee1aa5ea0 JavaThread "Unconstrained build operations Thread 151" [_thread_blocked, id=37096, stack(0x0000001a7e800000,0x0000001a7e900000)]
  0x000001dee1aa5480 JavaThread "Unconstrained build operations Thread 152" [_thread_blocked, id=15812, stack(0x0000001a7e900000,0x0000001a7ea00000)]
  0x000001dee1aa68c0 JavaThread "Unconstrained build operations Thread 153" [_thread_blocked, id=19240, stack(0x0000001a7ea00000,0x0000001a7eb00000)]
  0x000001dee1aa6dd0 JavaThread "Unconstrained build operations Thread 154" [_thread_blocked, id=6268, stack(0x0000001a7eb00000,0x0000001a7ec00000)]
  0x000001dee1aa7d00 JavaThread "Unconstrained build operations Thread 155" [_thread_blocked, id=43096, stack(0x0000001a7ec00000,0x0000001a7ed00000)]
  0x000001dee1aa72e0 JavaThread "Unconstrained build operations Thread 156" [_thread_blocked, id=44828, stack(0x0000001a7ed00000,0x0000001a7ee00000)]
  0x000001dee1aaafa0 JavaThread "Unconstrained build operations Thread 157" [_thread_blocked, id=22164, stack(0x0000001a7ee00000,0x0000001a7ef00000)]
  0x000001dee1aab9c0 JavaThread "Unconstrained build operations Thread 158" [_thread_blocked, id=8236, stack(0x0000001a7ef00000,0x0000001a7f000000)]
  0x000001dee1aa8210 JavaThread "Unconstrained build operations Thread 159" [_thread_blocked, id=38400, stack(0x0000001a7f000000,0x0000001a7f100000)]
  0x000001dee1aaa580 JavaThread "Unconstrained build operations Thread 160" [_thread_blocked, id=42116, stack(0x0000001a7f100000,0x0000001a7f200000)]
  0x000001dee1aaa070 JavaThread "Unconstrained build operations Thread 161" [_thread_blocked, id=42360, stack(0x0000001a7f200000,0x0000001a7f300000)]
  0x000001dee1aab4b0 JavaThread "Unconstrained build operations Thread 162" [_thread_blocked, id=19488, stack(0x0000001a7f300000,0x0000001a7f400000)]
  0x000001dee1aaaa90 JavaThread "Unconstrained build operations Thread 163" [_thread_blocked, id=44724, stack(0x0000001a7f400000,0x0000001a7f500000)]
  0x000001dee1aabed0 JavaThread "Unconstrained build operations Thread 164" [_thread_blocked, id=35632, stack(0x0000001a7f500000,0x0000001a7f600000)]
  0x000001dee1aa8720 JavaThread "Unconstrained build operations Thread 165" [_thread_blocked, id=38744, stack(0x0000001a7f600000,0x0000001a7f700000)]
  0x000001dee1aac3e0 JavaThread "Unconstrained build operations Thread 166" [_thread_blocked, id=23792, stack(0x0000001a7f700000,0x0000001a7f800000)]
  0x000001dee1aa8c30 JavaThread "Unconstrained build operations Thread 167" [_thread_blocked, id=43344, stack(0x0000001a7f800000,0x0000001a7f900000)]
  0x000001dee1aac8f0 JavaThread "Unconstrained build operations Thread 168" [_thread_blocked, id=40124, stack(0x0000001a7f900000,0x0000001a7fa00000)]
  0x000001dee1aa9140 JavaThread "Unconstrained build operations Thread 169" [_thread_blocked, id=25344, stack(0x0000001a7fa00000,0x0000001a7fb00000)]
  0x000001dee1aace00 JavaThread "Unconstrained build operations Thread 170" [_thread_blocked, id=36696, stack(0x0000001a7fb00000,0x0000001a7fc00000)]
  0x000001dee1aa9b60 JavaThread "Unconstrained build operations Thread 171" [_thread_blocked, id=12656, stack(0x0000001a7fc00000,0x0000001a7fd00000)]
  0x000001dee1aa9650 JavaThread "Unconstrained build operations Thread 172" [_thread_blocked, id=22240, stack(0x0000001a7fd00000,0x0000001a7fe00000)]
  0x000001dee1ab0ac0 JavaThread "Unconstrained build operations Thread 173" [_thread_blocked, id=8496, stack(0x0000001a7fe00000,0x0000001a7ff00000)]
  0x000001dee1aaf680 JavaThread "Unconstrained build operations Thread 174" [_thread_blocked, id=26548, stack(0x0000001a7ff00000,0x0000001a80000000)]
  0x000001dee1aadd30 JavaThread "Unconstrained build operations Thread 175" [_thread_blocked, id=41736, stack(0x0000001a00000000,0x0000001a00100000)]
  0x000001dee1ab00a0 JavaThread "Unconstrained build operations Thread 176" [_thread_blocked, id=44312, stack(0x0000001a00100000,0x0000001a00200000)]
  0x000001dee1aafb90 JavaThread "Unconstrained build operations Thread 177" [_thread_blocked, id=28056, stack(0x0000001a00200000,0x0000001a00300000)]
  0x000001dee1ab05b0 JavaThread "Unconstrained build operations Thread 178" [_thread_blocked, id=3844, stack(0x0000001a00300000,0x0000001a00400000)]
  0x000001dee1aad310 JavaThread "Unconstrained build operations Thread 179" [_thread_blocked, id=28920, stack(0x0000001a00400000,0x0000001a00500000)]
  0x000001dee1ab0fd0 JavaThread "Unconstrained build operations Thread 180" [_thread_blocked, id=36076, stack(0x0000001a00500000,0x0000001a00600000)]
  0x000001dee1aaec60 JavaThread "Unconstrained build operations Thread 181" [_thread_blocked, id=43112, stack(0x0000001a00600000,0x0000001a00700000)]
  0x000001dee1aae240 JavaThread "Unconstrained build operations Thread 182" [_thread_blocked, id=44592, stack(0x0000001a00700000,0x0000001a00800000)]
  0x000001dee1aad820 JavaThread "Unconstrained build operations Thread 183" [_thread_blocked, id=42940, stack(0x0000001a00800000,0x0000001a00900000)]
  0x000001dee1ab14e0 JavaThread "Unconstrained build operations Thread 184" [_thread_blocked, id=5992, stack(0x0000001a00900000,0x0000001a00a00000)]
  0x000001dee1ab1f00 JavaThread "Unconstrained build operations Thread 185" [_thread_blocked, id=20616, stack(0x0000001a00a00000,0x0000001a00b00000)]
  0x000001dee1ab19f0 JavaThread "Unconstrained build operations Thread 186" [_thread_blocked, id=20092, stack(0x0000001a00b00000,0x0000001a00c00000)]
  0x000001dee1aae750 JavaThread "Unconstrained build operations Thread 187" [_thread_blocked, id=34244, stack(0x0000001a00c00000,0x0000001a00d00000)]
  0x000001dee1ab2410 JavaThread "Unconstrained build operations Thread 188" [_thread_blocked, id=4640, stack(0x0000001a00d00000,0x0000001a00e00000)]
  0x000001dee1ab2920 JavaThread "Unconstrained build operations Thread 189" [_thread_blocked, id=24608, stack(0x0000001a00e00000,0x0000001a00f00000)]
  0x000001dee1aaf170 JavaThread "Unconstrained build operations Thread 190" [_thread_blocked, id=22824, stack(0x0000001a00f00000,0x0000001a01000000)]
  0x000001dee1ab2e30 JavaThread "Unconstrained build operations Thread 191" [_thread_blocked, id=29948, stack(0x0000001a01000000,0x0000001a01100000)]
  0x000001dee1ab3340 JavaThread "Unconstrained build operations Thread 192" [_thread_blocked, id=5948, stack(0x0000001a01100000,0x0000001a01200000)]
  0x000001dee1ab3850 JavaThread "Unconstrained build operations Thread 193" [_thread_blocked, id=42336, stack(0x0000001a01200000,0x0000001a01300000)]
  0x000001dedc828af0 JavaThread "Unconstrained build operations Thread 194" [_thread_blocked, id=29988, stack(0x0000001a01300000,0x0000001a01400000)]
  0x000001dedc8276b0 JavaThread "Unconstrained build operations Thread 195" [_thread_blocked, id=38988, stack(0x0000001a01400000,0x0000001a01500000)]
  0x000001dedc829000 JavaThread "Unconstrained build operations Thread 196" [_thread_blocked, id=44468, stack(0x0000001a01500000,0x0000001a01600000)]
  0x000001dedc829510 JavaThread "Unconstrained build operations Thread 197" [_thread_blocked, id=43848, stack(0x0000001a01600000,0x0000001a01700000)]
  0x000001dedc829a20 JavaThread "Unconstrained build operations Thread 198" [_thread_blocked, id=43744, stack(0x0000001a01700000,0x0000001a01800000)]
  0x000001dedc829f30 JavaThread "Unconstrained build operations Thread 199" [_thread_blocked, id=44564, stack(0x0000001a01800000,0x0000001a01900000)]
  0x000001dedc82a440 JavaThread "Unconstrained build operations Thread 200" [_thread_blocked, id=32400, stack(0x0000001a01900000,0x0000001a01a00000)]
  0x000001dedc8285e0 JavaThread "Unconstrained build operations Thread 201" [_thread_blocked, id=32652, stack(0x0000001a01a00000,0x0000001a01b00000)]
  0x000001dedc826c90 JavaThread "Unconstrained build operations Thread 202" [_thread_blocked, id=19480, stack(0x0000001a01b00000,0x0000001a01c00000)]
  0x000001dedc82a950 JavaThread "Unconstrained build operations Thread 203" [_thread_blocked, id=21796, stack(0x0000001a01c00000,0x0000001a01d00000)]
  0x000001dedc827bc0 JavaThread "Unconstrained build operations Thread 204" [_thread_blocked, id=29180, stack(0x0000001a01d00000,0x0000001a01e00000)]
  0x000001dedc8271a0 JavaThread "Unconstrained build operations Thread 205" [_thread_blocked, id=17492, stack(0x0000001a01e00000,0x0000001a01f00000)]
  0x000001dedc82ae60 JavaThread "Unconstrained build operations Thread 206" [_thread_blocked, id=40044, stack(0x0000001a01f00000,0x0000001a02000000)]
  0x000001dedc82b370 JavaThread "Unconstrained build operations Thread 207" [_thread_blocked, id=16708, stack(0x0000001a02000000,0x0000001a02100000)]
  0x000001dedc82b880 JavaThread "Unconstrained build operations Thread 208" [_thread_blocked, id=7812, stack(0x0000001a02100000,0x0000001a02200000)]
  0x000001dedc8280d0 JavaThread "Unconstrained build operations Thread 209" [_thread_blocked, id=15484, stack(0x0000001a02200000,0x0000001a02300000)]
  0x000001dedc82ccc0 JavaThread "Unconstrained build operations Thread 210" [_thread_blocked, id=42232, stack(0x0000001a02300000,0x0000001a02400000)]
  0x000001dedc82f030 JavaThread "Unconstrained build operations Thread 211" [_thread_blocked, id=11288, stack(0x0000001a02400000,0x0000001a02500000)]
  0x000001dedc82dbf0 JavaThread "Unconstrained build operations Thread 212" [_thread_blocked, id=22356, stack(0x0000001a02500000,0x0000001a02600000)]
  0x000001dedc82e100 JavaThread "Unconstrained build operations Thread 213" [_thread_blocked, id=43188, stack(0x0000001a02600000,0x0000001a02700000)]
  0x000001dedc82eb20 JavaThread "Unconstrained build operations Thread 214" [_thread_blocked, id=43556, stack(0x0000001a02700000,0x0000001a02800000)]
  0x000001dedc82f540 JavaThread "Unconstrained build operations Thread 215" [_thread_blocked, id=9744, stack(0x0000001a02800000,0x0000001a02900000)]
  0x000001dedc82e610 JavaThread "Unconstrained build operations Thread 216" [_thread_blocked, id=37376, stack(0x0000001a02900000,0x0000001a02a00000)]
  0x000001dedc82bd90 JavaThread "Unconstrained build operations Thread 217" [_thread_blocked, id=26584, stack(0x0000001a02a00000,0x0000001a02b00000)]
  0x000001dedc82fa50 JavaThread "Unconstrained build operations Thread 218" [_thread_blocked, id=30484, stack(0x0000001a02b00000,0x0000001a02c00000)]
  0x000001dedc82c2a0 JavaThread "Unconstrained build operations Thread 219" [_thread_blocked, id=42828, stack(0x0000001a02c00000,0x0000001a02d00000)]
  0x000001dedc82ff60 JavaThread "Unconstrained build operations Thread 220" [_thread_blocked, id=21152, stack(0x0000001a02d00000,0x0000001a02e00000)]
  0x000001dedc82d6e0 JavaThread "Unconstrained build operations Thread 221" [_thread_blocked, id=35336, stack(0x0000001a02e00000,0x0000001a02f00000)]
  0x000001dedc82c7b0 JavaThread "Unconstrained build operations Thread 222" [_thread_blocked, id=40036, stack(0x0000001a02f00000,0x0000001a03000000)]
  0x000001dedc82d1d0 JavaThread "Unconstrained build operations Thread 223" [_thread_blocked, id=30040, stack(0x0000001a03000000,0x0000001a03100000)]
  0x000001dedc830e90 JavaThread "Unconstrained build operations Thread 224" [_thread_blocked, id=31252, stack(0x0000001a03100000,0x0000001a03200000)]
  0x000001dedc8322d0 JavaThread "Unconstrained build operations Thread 225" [_thread_blocked, id=40812, stack(0x0000001a03200000,0x0000001a03300000)]
  0x000001dedc8327e0 JavaThread "Unconstrained build operations Thread 226" [_thread_blocked, id=35984, stack(0x0000001a03300000,0x0000001a03400000)]
  0x000001dedc8313a0 JavaThread "Unconstrained build operations Thread 227" [_thread_blocked, id=40948, stack(0x0000001a03400000,0x0000001a03500000)]
  0x000001dedc833710 JavaThread "Unconstrained build operations Thread 228" [_thread_blocked, id=43264, stack(0x0000001a03500000,0x0000001a03600000)]
  0x000001dedc833c20 JavaThread "Unconstrained build operations Thread 229" [_thread_blocked, id=25716, stack(0x0000001a03600000,0x0000001a03700000)]
  0x000001dedc830980 JavaThread "Unconstrained build operations Thread 230" [_thread_blocked, id=40292, stack(0x0000001a03700000,0x0000001a03800000)]
  0x000001dedc832cf0 JavaThread "Unconstrained build operations Thread 231" [_thread_blocked, id=14724, stack(0x0000001a03800000,0x0000001a03900000)]
  0x000001dedc830470 JavaThread "Unconstrained build operations Thread 232" [_thread_blocked, id=18248, stack(0x0000001a03900000,0x0000001a03a00000)]
  0x000001dedc834b50 JavaThread "Unconstrained build operations Thread 233" [_thread_blocked, id=37180, stack(0x0000001a03a00000,0x0000001a03b00000)]
  0x000001dedc833200 JavaThread "Unconstrained build operations Thread 234" [_thread_blocked, id=44836, stack(0x0000001a03b00000,0x0000001a03c00000)]
  0x000001dedc831dc0 JavaThread "Unconstrained build operations Thread 235" [_thread_blocked, id=37240, stack(0x0000001a03c00000,0x0000001a03d00000)]
  0x000001dedc834130 JavaThread "Unconstrained build operations Thread 236" [_thread_blocked, id=39240, stack(0x0000001a03d00000,0x0000001a03e00000)]
  0x000001dedc835060 JavaThread "Unconstrained build operations Thread 237" [_thread_blocked, id=27832, stack(0x0000001a03e00000,0x0000001a03f00000)]
  0x000001dedc834640 JavaThread "Unconstrained build operations Thread 238" [_thread_blocked, id=32880, stack(0x0000001a03f00000,0x0000001a04000000)]
  0x000001dedc8318b0 JavaThread "Unconstrained build operations Thread 239" [_thread_blocked, id=30520, stack(0x0000001a04000000,0x0000001a04100000)]
  0x000001dedc835570 JavaThread "Unconstrained build operations Thread 240" [_thread_blocked, id=22596, stack(0x0000001a04100000,0x0000001a04200000)]
  0x000001dedc835a80 JavaThread "Unconstrained build operations Thread 241" [_thread_blocked, id=44484, stack(0x0000001a04200000,0x0000001a04300000)]
  0x000001dedc835f90 JavaThread "Unconstrained build operations Thread 242" [_thread_blocked, id=12340, stack(0x0000001a04300000,0x0000001a04400000)]
  0x000001dedc8364a0 JavaThread "Unconstrained build operations Thread 243" [_thread_blocked, id=21476, stack(0x0000001a04400000,0x0000001a04500000)]
  0x000001dee833ef30 JavaThread "Unconstrained build operations Thread 244" [_thread_blocked, id=5824, stack(0x0000001a04500000,0x0000001a04600000)]
  0x000001dee833f950 JavaThread "Unconstrained build operations Thread 245" [_thread_blocked, id=32748, stack(0x0000001a04600000,0x0000001a04700000)]
  0x000001dee833f440 JavaThread "Unconstrained build operations Thread 246" [_thread_blocked, id=30852, stack(0x0000001a04700000,0x0000001a04800000)]
  0x000001dee833fe60 JavaThread "Unconstrained build operations Thread 247" [_thread_blocked, id=4320, stack(0x0000001a04800000,0x0000001a04900000)]
  0x000001dee8340370 JavaThread "Unconstrained build operations Thread 248" [_thread_blocked, id=14024, stack(0x0000001a04900000,0x0000001a04a00000)]
  0x000001dee833cbc0 JavaThread "Unconstrained build operations Thread 249" [_thread_blocked, id=31280, stack(0x0000001a04a00000,0x0000001a04b00000)]
  0x000001dee8340880 JavaThread "Unconstrained build operations Thread 250" [_thread_blocked, id=42660, stack(0x0000001a04b00000,0x0000001a04c00000)]
  0x000001dee833d0d0 JavaThread "Unconstrained build operations Thread 251" [_thread_blocked, id=7908, stack(0x0000001a04c00000,0x0000001a04d00000)]
  0x000001dee833ea20 JavaThread "Unconstrained build operations Thread 252" [_thread_blocked, id=18848, stack(0x0000001a04d00000,0x0000001a04e00000)]
  0x000001dee8340d90 JavaThread "Unconstrained build operations Thread 253" [_thread_blocked, id=16108, stack(0x0000001a04e00000,0x0000001a04f00000)]
  0x000001dee833d5e0 JavaThread "Unconstrained build operations Thread 254" [_thread_blocked, id=30056, stack(0x0000001a04f00000,0x0000001a05000000)]
  0x000001dee83412a0 JavaThread "Unconstrained build operations Thread 255" [_thread_blocked, id=15572, stack(0x0000001a05000000,0x0000001a05100000)]
  0x000001dee833daf0 JavaThread "Unconstrained build operations Thread 256" [_thread_blocked, id=42928, stack(0x0000001a05100000,0x0000001a05200000)]
  0x000001dee833e510 JavaThread "Unconstrained build operations Thread 257" [_thread_blocked, id=30144, stack(0x0000001a05200000,0x0000001a05300000)]
  0x000001dee83417b0 JavaThread "Unconstrained build operations Thread 258" [_thread_blocked, id=604, stack(0x0000001a05300000,0x0000001a05400000)]
  0x000001dee833e000 JavaThread "Unconstrained build operations Thread 259" [_thread_blocked, id=19932, stack(0x0000001a05400000,0x0000001a05500000)]
  0x000001dee8343610 JavaThread "Unconstrained build operations Thread 260" [_thread_blocked, id=4864, stack(0x0000001a05500000,0x0000001a05600000)]
  0x000001dee8343b20 JavaThread "Unconstrained build operations Thread 261" [_thread_blocked, id=42964, stack(0x0000001a05600000,0x0000001a05700000)]
  0x000001dee8344030 JavaThread "Unconstrained build operations Thread 262" [_thread_blocked, id=41248, stack(0x0000001a05700000,0x0000001a05800000)]
  0x000001dee8343100 JavaThread "Unconstrained build operations Thread 263" [_thread_blocked, id=25228, stack(0x0000001a05800000,0x0000001a05900000)]
  0x000001dee8344540 JavaThread "Unconstrained build operations Thread 264" [_thread_blocked, id=34940, stack(0x0000001a05900000,0x0000001a05a00000)]
  0x000001dee8341cc0 JavaThread "Unconstrained build operations Thread 265" [_thread_blocked, id=26680, stack(0x0000001a05a00000,0x0000001a05b00000)]
  0x000001dee8344a50 JavaThread "Unconstrained build operations Thread 266" [_thread_blocked, id=12736, stack(0x0000001a05b00000,0x0000001a05c00000)]
  0x000001dee8344f60 JavaThread "Unconstrained build operations Thread 267" [_thread_blocked, id=41800, stack(0x0000001a05c00000,0x0000001a05d00000)]
  0x000001dee8345980 JavaThread "Unconstrained build operations Thread 268" [_thread_blocked, id=23472, stack(0x0000001a05d00000,0x0000001a05e00000)]
  0x000001dee8345470 JavaThread "Unconstrained build operations Thread 269" [_thread_blocked, id=43284, stack(0x0000001a05e00000,0x0000001a05f00000)]
  0x000001dee83421d0 JavaThread "Unconstrained build operations Thread 270" [_thread_blocked, id=15524, stack(0x0000001a05f00000,0x0000001a06000000)]
  0x000001dee8345e90 JavaThread "Unconstrained build operations Thread 271" [_thread_blocked, id=28712, stack(0x0000001a06000000,0x0000001a06100000)]
  0x000001dee83426e0 JavaThread "Unconstrained build operations Thread 272" [_thread_blocked, id=39544, stack(0x0000001a06100000,0x0000001a06200000)]
  0x000001dee83463a0 JavaThread "Unconstrained build operations Thread 273" [_thread_blocked, id=14348, stack(0x0000001a06200000,0x0000001a06300000)]
  0x000001dee8342bf0 JavaThread "Unconstrained build operations Thread 274" [_thread_blocked, id=18552, stack(0x0000001a06300000,0x0000001a06400000)]
  0x000001dee8349640 JavaThread "Unconstrained build operations Thread 275" [_thread_blocked, id=23368, stack(0x0000001a06400000,0x0000001a06500000)]
  0x000001dee8349b50 JavaThread "Unconstrained build operations Thread 276" [_thread_blocked, id=24532, stack(0x0000001a06500000,0x0000001a06600000)]
  0x000001dee834a060 JavaThread "Unconstrained build operations Thread 277" [_thread_blocked, id=19952, stack(0x0000001a06600000,0x0000001a06700000)]
  0x000001dee83468b0 JavaThread "Unconstrained build operations Thread 278" [_thread_blocked, id=43228, stack(0x0000001a06700000,0x0000001a06800000)]
  0x000001dee83477e0 JavaThread "Unconstrained build operations Thread 279" [_thread_blocked, id=15260, stack(0x0000001a06800000,0x0000001a06900000)]
  0x000001dee8348710 JavaThread "Unconstrained build operations Thread 280" [_thread_blocked, id=33368, stack(0x0000001a06900000,0x0000001a06a00000)]
  0x000001dee83472d0 JavaThread "Unconstrained build operations Thread 281" [_thread_blocked, id=24024, stack(0x0000001a06a00000,0x0000001a06b00000)]
  0x000001dee8346dc0 JavaThread "Unconstrained build operations Thread 282" [_thread_blocked, id=35768, stack(0x0000001a06b00000,0x0000001a06c00000)]
  0x000001dee834a570 JavaThread "Unconstrained build operations Thread 283" [_thread_blocked, id=24460, stack(0x0000001a06c00000,0x0000001a06d00000)]
  0x000001dee834aa80 JavaThread "Unconstrained build operations Thread 284" [_thread_blocked, id=17036, stack(0x0000001a06d00000,0x0000001a06e00000)]
  0x000001dee834af90 JavaThread "Unconstrained build operations Thread 285" [_thread_blocked, id=43020, stack(0x0000001a06e00000,0x0000001a06f00000)]
  0x000001dee834b4a0 JavaThread "Unconstrained build operations Thread 286" [_thread_blocked, id=19208, stack(0x0000001a06f00000,0x0000001a07000000)]
  0x000001dee834b9b0 JavaThread "Unconstrained build operations Thread 287" [_thread_blocked, id=24772, stack(0x0000001a07000000,0x0000001a07100000)]
  0x000001dee8348200 JavaThread "Unconstrained build operations Thread 288" [_thread_blocked, id=12572, stack(0x0000001a07100000,0x0000001a07200000)]
  0x000001dee834bec0 JavaThread "Unconstrained build operations Thread 289" [_thread_blocked, id=43864, stack(0x0000001a07200000,0x0000001a07300000)]
  0x000001dee834c3d0 JavaThread "Unconstrained build operations Thread 290" [_thread_blocked, id=14528, stack(0x0000001a07300000,0x0000001a07400000)]
  0x000001dee8348c20 JavaThread "Unconstrained build operations Thread 291" [_thread_blocked, id=18292, stack(0x0000001a07400000,0x0000001a07500000)]
  0x000001dee8349130 JavaThread "Unconstrained build operations Thread 292" [_thread_blocked, id=43612, stack(0x0000001a07500000,0x0000001a07600000)]
  0x000001dee7d98e30 JavaThread "Unconstrained build operations Thread 293" [_thread_blocked, id=21232, stack(0x0000001a07600000,0x0000001a07700000)]
  0x000001dee7d96ac0 JavaThread "Unconstrained build operations Thread 294" [_thread_blocked, id=21100, stack(0x0000001a07700000,0x0000001a07800000)]
  0x000001dee7d99340 JavaThread "Unconstrained build operations Thread 295" [_thread_blocked, id=28584, stack(0x0000001a07800000,0x0000001a07900000)]
  0x000001dee7d99850 JavaThread "Unconstrained build operations Thread 296" [_thread_blocked, id=38884, stack(0x0000001a07900000,0x0000001a07a00000)]
  0x000001dee7d960a0 JavaThread "Unconstrained build operations Thread 297" [_thread_blocked, id=23136, stack(0x0000001a07a00000,0x0000001a07b00000)]
  0x000001dee7d974e0 JavaThread "Unconstrained build operations Thread 298" [_thread_blocked, id=43064, stack(0x0000001a07b00000,0x0000001a07c00000)]
  0x000001dee7d99d60 JavaThread "Unconstrained build operations Thread 299" [_thread_blocked, id=25596, stack(0x0000001a07c00000,0x0000001a07d00000)]
  0x000001dee7d965b0 JavaThread "Unconstrained build operations Thread 300" [_thread_blocked, id=16968, stack(0x0000001a07d00000,0x0000001a07e00000)]
  0x000001dee7d97f00 JavaThread "Unconstrained build operations Thread 301" [_thread_blocked, id=29120, stack(0x0000001a07e00000,0x0000001a07f00000)]
  0x000001dee7d9a270 JavaThread "Unconstrained build operations Thread 302" [_thread_blocked, id=40772, stack(0x0000001a07f00000,0x0000001a08000000)]
  0x000001dee7d98410 JavaThread "Unconstrained build operations Thread 303" [_thread_blocked, id=2808, stack(0x0000001a08000000,0x0000001a08100000)]
  0x000001dee7d979f0 JavaThread "Unconstrained build operations Thread 304" [_thread_blocked, id=12296, stack(0x0000001a08100000,0x0000001a08200000)]
  0x000001dee7d98920 JavaThread "Unconstrained build operations Thread 305" [_thread_blocked, id=32412, stack(0x0000001a08200000,0x0000001a08300000)]
  0x000001dee7d9a780 JavaThread "Unconstrained build operations Thread 306" [_thread_blocked, id=2256, stack(0x0000001a08300000,0x0000001a08400000)]
  0x000001dee7d96fd0 JavaThread "Unconstrained build operations Thread 307" [_thread_blocked, id=16576, stack(0x0000001a08400000,0x0000001a08500000)]
  0x000001dee7d9bbc0 JavaThread "Unconstrained build operations Thread 308" [_thread_blocked, id=44424, stack(0x0000001a08500000,0x0000001a08600000)]
  0x000001dee7d9ac90 JavaThread "Unconstrained build operations Thread 309" [_thread_blocked, id=38148, stack(0x0000001a08600000,0x0000001a08700000)]
  0x000001dee7d9b1a0 JavaThread "Unconstrained build operations Thread 310" [_thread_blocked, id=43600, stack(0x0000001a08700000,0x0000001a08800000)]
  0x000001dee7d9ee60 JavaThread "Unconstrained build operations Thread 311" [_thread_blocked, id=27736, stack(0x0000001a08800000,0x0000001a08900000)]
  0x000001dee7d9b6b0 JavaThread "Unconstrained build operations Thread 312" [_thread_blocked, id=36764, stack(0x0000001a08900000,0x0000001a08a00000)]
  0x000001dee7d9da20 JavaThread "Unconstrained build operations Thread 313" [_thread_blocked, id=36692, stack(0x0000001a08a00000,0x0000001a08b00000)]
  0x000001dee7d9d000 JavaThread "Unconstrained build operations Thread 314" [_thread_blocked, id=19356, stack(0x0000001a08b00000,0x0000001a08c00000)]
  0x000001dee7d9f370 JavaThread "Unconstrained build operations Thread 315" [_thread_blocked, id=35408, stack(0x0000001a08c00000,0x0000001a08d00000)]
  0x000001dee7d9c5e0 JavaThread "Unconstrained build operations Thread 316" [_thread_blocked, id=19712, stack(0x0000001a08d00000,0x0000001a08e00000)]
  0x000001dee7d9df30 JavaThread "Unconstrained build operations Thread 317" [_thread_blocked, id=22896, stack(0x0000001a08e00000,0x0000001a08f00000)]
  0x000001dee7d9e440 JavaThread "Unconstrained build operations Thread 318" [_thread_blocked, id=39676, stack(0x0000001a08f00000,0x0000001a09000000)]
  0x000001dee7d9c0d0 JavaThread "Unconstrained build operations Thread 319" [_thread_blocked, id=28392, stack(0x0000001a09000000,0x0000001a09100000)]
  0x000001dee7d9f880 JavaThread "Unconstrained build operations Thread 320" [_thread_blocked, id=36068, stack(0x0000001a09100000,0x0000001a09200000)]
  0x000001dee7d9caf0 JavaThread "WorkerExecutor Queue" [_thread_blocked, id=12480, stack(0x0000001a09200000,0x0000001a09300000)]
  0x000001dee7da07b0 JavaThread "RMI Scheduler(0)" daemon [_thread_blocked, id=42216, stack(0x0000001a09300000,0x0000001a09400000)]
  0x000001dee7da3f60 JavaThread "RMI GC Daemon" daemon [_thread_blocked, id=10984, stack(0x0000001a09500000,0x0000001a09600000)]
  0x000001dee7da3a50 JavaThread "WorkerExecutor Queue Thread 2" [_thread_blocked, id=28192, stack(0x0000001a09600000,0x0000001a09700000)]
  0x000001dee7da2610 JavaThread "RMI TCP Accept-0" daemon [_thread_in_native, id=15904, stack(0x0000001a09800000,0x0000001a09900000)]
  0x000001dee7da4470 JavaThread "RMI Reaper" [_thread_blocked, id=3568, stack(0x0000001a09900000,0x0000001a09a00000)]
  0x000001dee7da2b20 JavaThread "RMI TCP Connection(1)-127.0.0.1" daemon [_thread_in_native, id=36916, stack(0x0000001a09a00000,0x0000001a09b00000)]
  0x000001dee7da11d0 JavaThread "RMI TCP Connection(2)-127.0.0.1" daemon [_thread_in_native, id=5496, stack(0x0000001a09b00000,0x0000001a09c00000)]
  0x000001dee7d3b030 JavaThread "C2 CompilerThread1" daemon [_thread_blocked, id=13796, stack(0x0000001a09400000,0x0000001a09500000)]
  0x000001dee7d3bad0 JavaThread "C1 CompilerThread1" daemon [_thread_blocked, id=5172, stack(0x0000001a09c00000,0x0000001a09d00000)]
  0x000001dee50a81c0 JavaThread "C1 CompilerThread2" daemon [_thread_blocked, id=6976, stack(0x0000001a09d00000,0x0000001a09e00000)]
  0x000001dee50aec00 JavaThread "C1 CompilerThread3" daemon [_thread_blocked, id=4780, stack(0x0000001a09e00000,0x0000001a09f00000)]
  0x000001dee7d9d510 JavaThread "WorkerExecutor Queue Thread 3" [_thread_blocked, id=13568, stack(0x0000001a09f00000,0x0000001a0a000000)]
  0x000001dee7da3540 JavaThread "WorkerExecutor Queue Thread 4" [_thread_blocked, id=25044, stack(0x0000001a0a000000,0x0000001a0a100000)]
  0x000001dee7da16e0 JavaThread "WorkerExecutor Queue Thread 5" [_thread_blocked, id=44752, stack(0x0000001a0a300000,0x0000001a0a400000)]
  0x000001dee7da53a0 JavaThread "WorkerExecutor Queue Thread 6" [_thread_blocked, id=17792, stack(0x0000001a0a400000,0x0000001a0a500000)]
  0x000001dee7da58b0 JavaThread "WorkerExecutor Queue Thread 7" [_thread_blocked, id=19728, stack(0x0000001a0a500000,0x0000001a0a600000)]
  0x000001dee7da2100 JavaThread "WorkerExecutor Queue Thread 8" [_thread_blocked, id=5196, stack(0x0000001a0a600000,0x0000001a0a700000)]
  0x000001dee7da3030 JavaThread "WorkerExecutor Queue Thread 9" [_thread_blocked, id=29932, stack(0x0000001a0a700000,0x0000001a0a800000)]
  0x000001dee7686840 JavaThread "WorkerExecutor Queue Thread 10" [_thread_blocked, id=43968, stack(0x0000001a0a800000,0x0000001a0a900000)]
  0x000001dee8347cf0 JavaThread "WorkerExecutor Queue Thread 11" [_thread_blocked, id=35252, stack(0x0000001a0a900000,0x0000001a0aa00000)]
  0x000001dedc58d760 JavaThread "WorkerExecutor Queue Thread 12" [_thread_blocked, id=44044, stack(0x0000001a0aa00000,0x0000001a0ab00000)]
  0x000001dedc58c830 JavaThread "WorkerExecutor Queue Thread 13" [_thread_blocked, id=32832, stack(0x0000001a0ab00000,0x0000001a0ac00000)]
  0x000001dedc58fad0 JavaThread "WorkerExecutor Queue Thread 14" [_thread_blocked, id=14100, stack(0x0000001a0ac00000,0x0000001a0ad00000)]
  0x000001dedc58dc70 JavaThread "WorkerExecutor Queue Thread 15" [_thread_blocked, id=40216, stack(0x0000001a0ad00000,0x0000001a0ae00000)]
  0x000001dedc58eba0 JavaThread "WorkerExecutor Queue Thread 16" [_thread_blocked, id=15560, stack(0x0000001a0ae00000,0x0000001a0af00000)]
  0x000001dedc58d250 JavaThread "WorkerExecutor Queue Thread 17" [_thread_blocked, id=14436, stack(0x0000001a0af00000,0x0000001a0b000000)]
  0x000001dedc58e180 JavaThread "WorkerExecutor Queue Thread 18" [_thread_blocked, id=37884, stack(0x0000001a0b000000,0x0000001a0b100000)]
  0x000001dedc58f0b0 JavaThread "WorkerExecutor Queue Thread 19" [_thread_blocked, id=43084, stack(0x0000001a0b100000,0x0000001a0b200000)]
  0x000001dedc58e690 JavaThread "WorkerExecutor Queue Thread 20" [_thread_blocked, id=30104, stack(0x0000001a0b200000,0x0000001a0b300000)]
  0x000001dedc5904f0 JavaThread "WorkerExecutor Queue Thread 21" [_thread_blocked, id=11940, stack(0x0000001a0b300000,0x0000001a0b400000)]
  0x000001dedc58f5c0 JavaThread "WorkerExecutor Queue Thread 22" [_thread_blocked, id=5964, stack(0x0000001a0b400000,0x0000001a0b500000)]
  0x000001dedc58cd40 JavaThread "WorkerExecutor Queue Thread 23" [_thread_blocked, id=18504, stack(0x0000001a0b500000,0x0000001a0b600000)]
  0x000001dedc591e40 JavaThread "WorkerExecutor Queue Thread 24" [_thread_blocked, id=12664, stack(0x0000001a0b600000,0x0000001a0b700000)]
  0x000001dedc590a00 JavaThread "WorkerExecutor Queue Thread 25" [_thread_blocked, id=8500, stack(0x0000001a0b700000,0x0000001a0b800000)]
  0x000001dedc590f10 JavaThread "WorkerExecutor Queue Thread 26" [_thread_blocked, id=42668, stack(0x0000001a0b800000,0x0000001a0b900000)]
  0x000001dedc591420 JavaThread "WorkerExecutor Queue Thread 27" [_thread_in_native, id=15576, stack(0x0000001a0b900000,0x0000001a0ba00000)]
  0x000001dedc591930 JavaThread "WorkerExecutor Queue Thread 28" [_thread_blocked, id=4772, stack(0x0000001a0ba00000,0x0000001a0bb00000)]
  0x000001dedc592d70 JavaThread "WorkerExecutor Queue Thread 29" [_thread_blocked, id=18892, stack(0x0000001a0bb00000,0x0000001a0bc00000)]
  0x000001dedc592350 JavaThread "WorkerExecutor Queue Thread 30" [_thread_blocked, id=19060, stack(0x0000001a0bc00000,0x0000001a0bd00000)]
  0x000001dedc592860 JavaThread "WorkerExecutor Queue Thread 31" [_thread_blocked, id=42420, stack(0x0000001a0bd00000,0x0000001a0be00000)]
  0x000001dedc593280 JavaThread "WorkerExecutor Queue Thread 32" [_thread_blocked, id=6228, stack(0x0000001a0be00000,0x0000001a0bf00000)]
  0x000001dee50af6a0 JavaThread "C1 CompilerThread4" daemon [_thread_blocked, id=44432, stack(0x0000001a0bf00000,0x0000001a0c000000)]
  0x000001dee906b9d0 JavaThread "RMI RenewClean-[127.0.0.1:17309,org.jetbrains.kotlin.daemon.common.LoopbackNetworkInterface$ClientLoopbackSocketFactory@2d38cfdd]" daemon [_thread_blocked, id=31076, stack(0x0000001a09700000,0x0000001a09800000)]
  0x000001dee4faaa60 JavaThread "RMI TCP Connection(3)-127.0.0.1" daemon [_thread_in_native, id=24612, stack(0x0000001a0c000000,0x0000001a0c100000)]
  0x000001dee709a790 JavaThread "C2 CompilerThread2" daemon [_thread_blocked, id=14256, stack(0x0000001a0c100000,0x0000001a0c200000)]
  0x000001dee86bb4d0 JavaThread "C2 CompilerThread3" daemon [_thread_blocked, id=22920, stack(0x0000001a0c200000,0x0000001a0c300000)]
  0x000001dee906e0a0 JavaThread "ForkJoinPool.commonPool-worker-1" daemon [_thread_blocked, id=40048, stack(0x0000001a0c300000,0x0000001a0c400000)]
  0x000001dee941e510 JavaThread "ForkJoinPool.commonPool-worker-2" daemon [_thread_blocked, id=36532, stack(0x0000001a0c400000,0x0000001a0c500000)]
  0x000001dee8285c40 JavaThread "ForkJoinPool.commonPool-worker-3" daemon [_thread_blocked, id=3504, stack(0x0000001a0c500000,0x0000001a0c600000)]
  0x000001dee3bd12f0 JavaThread "ForkJoinPool.commonPool-worker-4" daemon [_thread_blocked, id=16660, stack(0x0000001a0c600000,0x0000001a0c700000)]

Other Threads:
=>0x000001deff576ce0 VMThread "VM Thread" [stack: 0x0000001a6e500000,0x0000001a6e600000] [id=42788]
  0x000001defa7b1280 WatcherThread [stack: 0x0000001a6f300000,0x0000001a6f400000] [id=9068]
  0x000001defa812390 GCTaskThread "GC Thread#0" [stack: 0x0000001a6e000000,0x0000001a6e100000] [id=20588]
  0x000001dee1022260 GCTaskThread "GC Thread#1" [stack: 0x0000001a6f700000,0x0000001a6f800000] [id=29868]
  0x000001dee12574b0 GCTaskThread "GC Thread#2" [stack: 0x0000001a6f800000,0x0000001a6f900000] [id=3076]
  0x000001dee1257770 GCTaskThread "GC Thread#3" [stack: 0x0000001a6f900000,0x0000001a6fa00000] [id=38892]
  0x000001dedc7f4f80 GCTaskThread "GC Thread#4" [stack: 0x0000001a6fa00000,0x0000001a6fb00000] [id=5504]
  0x000001dedc7f5240 GCTaskThread "GC Thread#5" [stack: 0x0000001a6fb00000,0x0000001a6fc00000] [id=13748]
  0x000001dee281acf0 GCTaskThread "GC Thread#6" [stack: 0x0000001a70900000,0x0000001a70a00000] [id=40336]
  0x000001dee2819170 GCTaskThread "GC Thread#7" [stack: 0x0000001a70a00000,0x0000001a70b00000] [id=4064]
  0x000001dee2819430 GCTaskThread "GC Thread#8" [stack: 0x0000001a70b00000,0x0000001a70c00000] [id=24300]
  0x000001dee28196f0 GCTaskThread "GC Thread#9" [stack: 0x0000001a70c00000,0x0000001a70d00000] [id=44184]
  0x000001dee28199b0 GCTaskThread "GC Thread#10" [stack: 0x0000001a70d00000,0x0000001a70e00000] [id=22460]
  0x000001dee281a1f0 GCTaskThread "GC Thread#11" [stack: 0x0000001a70e00000,0x0000001a70f00000] [id=43820]
  0x000001dee281a4b0 GCTaskThread "GC Thread#12" [stack: 0x0000001a70f00000,0x0000001a71000000] [id=25928]
  0x000001dee281a770 GCTaskThread "GC Thread#13" [stack: 0x0000001a71000000,0x0000001a71100000] [id=44152]
  0x000001dee281aa30 GCTaskThread "GC Thread#14" [stack: 0x0000001a71100000,0x0000001a71200000] [id=36716]
  0x000001dee40eb740 GCTaskThread "GC Thread#15" [stack: 0x0000001a71200000,0x0000001a71300000] [id=34468]
  0x000001dee40e8880 GCTaskThread "GC Thread#16" [stack: 0x0000001a71300000,0x0000001a71400000] [id=44732]
  0x000001dee40e8b40 GCTaskThread "GC Thread#17" [stack: 0x0000001a71400000,0x0000001a71500000] [id=37924]
  0x000001dee40e9900 GCTaskThread "GC Thread#18" [stack: 0x0000001a71500000,0x0000001a71600000] [id=36964]
  0x000001dee40eb1c0 GCTaskThread "GC Thread#19" [stack: 0x0000001a71600000,0x0000001a71700000] [id=2988]
  0x000001dee40e85c0 GCTaskThread "GC Thread#20" [stack: 0x0000001a71700000,0x0000001a71800000] [id=39668]
  0x000001dee40ea980 GCTaskThread "GC Thread#21" [stack: 0x0000001a71800000,0x0000001a71900000] [id=27160]
  0x000001dee40e9380 GCTaskThread "GC Thread#22" [stack: 0x0000001a71900000,0x0000001a71a00000] [id=45028]
  0x000001defa823410 ConcurrentGCThread "G1 Main Marker" [stack: 0x0000001a6e100000,0x0000001a6e200000] [id=16228]
  0x000001defa825760 ConcurrentGCThread "G1 Conc#0" [stack: 0x0000001a6e200000,0x0000001a6e300000] [id=39932]
  0x000001dee40ea6c0 ConcurrentGCThread "G1 Conc#1" [stack: 0x0000001a71e00000,0x0000001a71f00000] [id=41664]
  0x000001dee40ebcc0 ConcurrentGCThread "G1 Conc#2" [stack: 0x0000001a71f00000,0x0000001a72000000] [id=42920]
  0x000001dee40eb480 ConcurrentGCThread "G1 Conc#3" [stack: 0x0000001a72000000,0x0000001a72100000] [id=15456]
  0x000001dee40e90c0 ConcurrentGCThread "G1 Conc#4" [stack: 0x0000001a72100000,0x0000001a72200000] [id=44476]
  0x000001dee40eaf00 ConcurrentGCThread "G1 Conc#5" [stack: 0x0000001a72200000,0x0000001a72300000] [id=44572]
  0x000001deff4b17e0 ConcurrentGCThread "G1 Refine#0" [stack: 0x0000001a6e300000,0x0000001a6e400000] [id=43420]
  0x000001deff4b1bd0 ConcurrentGCThread "G1 Service" [stack: 0x0000001a6e400000,0x0000001a6e500000] [id=37584]

Threads with active compile tasks:
C2 CompilerThread0  36819 18361 %     4       com.android.tools.r8.ir.regalloc.b::b @ 2453 (4458 bytes)
C1 CompilerThread0  36819 22107       3       com.android.tools.r8.ir.regalloc.b::a (976 bytes)
C2 CompilerThread1  36819 21255   !   4       java.lang.reflect.Executable::declaredAnnotations (85 bytes)
C1 CompilerThread1  36819 21927 %     3       com.android.tools.r8.internal.wl::a @ 691 (3605 bytes)
C1 CompilerThread2  36819 22112 %     3       com.android.tools.r8.ir.optimize.e0::a @ 21 (431 bytes)
C1 CompilerThread3  36819 22119 %     3       com.android.tools.r8.graph.J0::a @ 18 (319 bytes)
C1 CompilerThread4  36819 22095 %     3       com.android.tools.r8.internal.m9::a @ 856 (1680 bytes)
C2 CompilerThread2  36819 21636       4       com.android.tools.r8.internal.Da::h (218 bytes)
C2 CompilerThread3  36819 21311   !   4       java.util.zip.ZipFile$Source::getEntryPos (195 bytes)

VM state: at safepoint (normal execution)

VM Mutex/Monitor currently owned by a thread:  ([mutex/lock_event])
[0x000001defa7a9d00] Threads_lock - owner thread: 0x000001deff576ce0
[0x000001defa7ab380] Heap_lock - owner thread: 0x000001dedc58cd40

Heap address: 0x0000000080000000, size: 2048 MB, Compressed Oops mode: 32-bit

CDS archive(s) mapped at: [0x000001de9b000000-0x000001de9bbb0000-0x000001de9bbb0000), size 12255232, SharedBaseAddress: 0x000001de9b000000, ArchiveRelocationMode: 1.
Compressed class space mapped at: 0x000001de9c000000-0x000001dedc000000, reserved size: 1073741824
Narrow klass base: 0x000001de9b000000, Narrow klass shift: 0, Narrow klass range: 0x100000000

GC Precious Log:
 CPUs: 32 total, 32 available
 Memory: 16176M
 Large Page Support: Disabled
 NUMA Support: Disabled
 Compressed Oops: Enabled (32-bit)
 Heap Region Size: 1M
 Heap Min Capacity: 8M
 Heap Initial Capacity: 254M
 Heap Max Capacity: 2G
 Pre-touch: Disabled
 Parallel Workers: 23
 Concurrent Workers: 6
 Concurrent Refinement Workers: 23
 Periodic GC: Disabled

Heap:
 garbage-first heap   total 260096K, used 157444K [0x0000000080000000, 0x0000000100000000)
  region size 1024K, 3 young (3072K), 3 survivors (3072K)
 Metaspace       used 138975K, committed 140224K, reserved 1179648K
  class space    used 20521K, committed 21120K, reserved 1048576K

Heap Regions: E=young(eden), S=young(survivor), O=old, HS=humongous(starts), HC=humongous(continues), CS=collection set, F=free, OA=open archive, CA=closed archive, TAMS=top-at-mark-start (previous, next)
|   0|0x0000000080000000, 0x0000000080100000, 0x0000000080100000|100%|HS|  |TAMS 0x0000000080100000, 0x0000000080000000| Complete 
|   1|0x0000000080100000, 0x0000000080200000, 0x0000000080200000|100%|HC|  |TAMS 0x0000000080200000, 0x0000000080100000| Complete 
|   2|0x0000000080200000, 0x0000000080300000, 0x0000000080300000|100%|HC|  |TAMS 0x0000000080300000, 0x0000000080200000| Complete 
|   3|0x0000000080300000, 0x0000000080400000, 0x0000000080400000|100%|HC|  |TAMS 0x0000000080400000, 0x0000000080300000| Complete 
|   4|0x0000000080400000, 0x0000000080500000, 0x0000000080500000|100%| O|  |TAMS 0x0000000080500000, 0x0000000080400000| Untracked 
|   5|0x0000000080500000, 0x0000000080600000, 0x0000000080600000|100%| O|  |TAMS 0x0000000080600000, 0x0000000080500000| Untracked 
|   6|0x0000000080600000, 0x0000000080700000, 0x0000000080700000|100%| O|  |TAMS 0x0000000080700000, 0x0000000080600000| Untracked 
|   7|0x0000000080700000, 0x0000000080800000, 0x0000000080800000|100%| O|  |TAMS 0x0000000080800000, 0x0000000080700000| Untracked 
|   8|0x0000000080800000, 0x0000000080900000, 0x0000000080900000|100%| O|  |TAMS 0x0000000080900000, 0x0000000080800000| Untracked 
|   9|0x0000000080900000, 0x0000000080a00000, 0x0000000080a00000|100%| O|  |TAMS 0x0000000080a00000, 0x0000000080900000| Untracked 
|  10|0x0000000080a00000, 0x0000000080b00000, 0x0000000080b00000|100%| O|  |TAMS 0x0000000080b00000, 0x0000000080a00000| Untracked 
|  11|0x0000000080b00000, 0x0000000080c00000, 0x0000000080c00000|100%|HS|  |TAMS 0x0000000080c00000, 0x0000000080b00000| Complete 
|  12|0x0000000080c00000, 0x0000000080d00000, 0x0000000080d00000|100%| O|  |TAMS 0x0000000080d00000, 0x0000000080c00000| Untracked 
|  13|0x0000000080d00000, 0x0000000080e00000, 0x0000000080e00000|100%| O|  |TAMS 0x0000000080e00000, 0x0000000080d00000| Untracked 
|  14|0x0000000080e00000, 0x0000000080f00000, 0x0000000080f00000|100%| O|  |TAMS 0x0000000080f00000, 0x0000000080e00000| Untracked 
|  15|0x0000000080f00000, 0x0000000081000000, 0x0000000081000000|100%| O|  |TAMS 0x0000000081000000, 0x0000000080f00000| Untracked 
|  16|0x0000000081000000, 0x0000000081100000, 0x0000000081100000|100%| O|  |TAMS 0x0000000081100000, 0x0000000081000000| Untracked 
|  17|0x0000000081100000, 0x0000000081200000, 0x0000000081200000|100%| O|  |TAMS 0x0000000081200000, 0x0000000081100000| Untracked 
|  18|0x0000000081200000, 0x0000000081300000, 0x0000000081300000|100%| O|  |TAMS 0x0000000081300000, 0x0000000081200000| Untracked 
|  19|0x0000000081300000, 0x0000000081400000, 0x0000000081400000|100%| O|  |TAMS 0x0000000081400000, 0x0000000081300000| Untracked 
|  20|0x0000000081400000, 0x0000000081500000, 0x0000000081500000|100%| O|  |TAMS 0x0000000081500000, 0x0000000081400000| Untracked 
|  21|0x0000000081500000, 0x0000000081600000, 0x0000000081600000|100%| O|  |TAMS 0x0000000081600000, 0x0000000081500000| Untracked 
|  22|0x0000000081600000, 0x0000000081700000, 0x0000000081700000|100%| O|  |TAMS 0x0000000081700000, 0x0000000081600000| Untracked 
|  23|0x0000000081700000, 0x0000000081800000, 0x0000000081800000|100%| O|  |TAMS 0x0000000081800000, 0x0000000081700000| Untracked 
|  24|0x0000000081800000, 0x0000000081900000, 0x0000000081900000|100%| O|  |TAMS 0x0000000081900000, 0x0000000081800000| Untracked 
|  25|0x0000000081900000, 0x0000000081a00000, 0x0000000081a00000|100%| O|  |TAMS 0x0000000081a00000, 0x0000000081900000| Untracked 
|  26|0x0000000081a00000, 0x0000000081b00000, 0x0000000081b00000|100%| O|  |TAMS 0x0000000081b00000, 0x0000000081a00000| Untracked 
|  27|0x0000000081b00000, 0x0000000081c00000, 0x0000000081c00000|100%| O|  |TAMS 0x0000000081c00000, 0x0000000081b00000| Untracked 
|  28|0x0000000081c00000, 0x0000000081d00000, 0x0000000081d00000|100%| O|  |TAMS 0x0000000081d00000, 0x0000000081c00000| Untracked 
|  29|0x0000000081d00000, 0x0000000081e00000, 0x0000000081e00000|100%| O|  |TAMS 0x0000000081e00000, 0x0000000081d00000| Untracked 
|  30|0x0000000081e00000, 0x0000000081f00000, 0x0000000081f00000|100%| O|  |TAMS 0x0000000081f00000, 0x0000000081e00000| Untracked 
|  31|0x0000000081f00000, 0x0000000082000000, 0x0000000082000000|100%| O|  |TAMS 0x0000000082000000, 0x0000000081f00000| Untracked 
|  32|0x0000000082000000, 0x0000000082100000, 0x0000000082100000|100%| O|  |TAMS 0x0000000082100000, 0x0000000082000000| Untracked 
|  33|0x0000000082100000, 0x0000000082200000, 0x0000000082200000|100%| O|  |TAMS 0x0000000082200000, 0x0000000082100000| Untracked 
|  34|0x0000000082200000, 0x0000000082300000, 0x0000000082300000|100%| O|  |TAMS 0x0000000082300000, 0x0000000082200000| Untracked 
|  35|0x0000000082300000, 0x0000000082400000, 0x0000000082400000|100%| O|  |TAMS 0x0000000082400000, 0x0000000082300000| Untracked 
|  36|0x0000000082400000, 0x0000000082500000, 0x0000000082500000|100%| O|  |TAMS 0x0000000082500000, 0x0000000082400000| Untracked 
|  37|0x0000000082500000, 0x0000000082600000, 0x0000000082600000|100%| O|  |TAMS 0x0000000082600000, 0x0000000082500000| Untracked 
|  38|0x0000000082600000, 0x0000000082700000, 0x0000000082700000|100%| O|  |TAMS 0x0000000082700000, 0x0000000082600000| Untracked 
|  39|0x0000000082700000, 0x0000000082800000, 0x0000000082800000|100%| O|  |TAMS 0x0000000082800000, 0x0000000082700000| Untracked 
|  40|0x0000000082800000, 0x0000000082900000, 0x0000000082900000|100%|HS|  |TAMS 0x0000000082900000, 0x0000000082800000| Complete 
|  41|0x0000000082900000, 0x0000000082a00000, 0x0000000082a00000|100%|HS|  |TAMS 0x0000000082a00000, 0x0000000082900000| Complete 
|  42|0x0000000082a00000, 0x0000000082b00000, 0x0000000082b00000|100%|HS|  |TAMS 0x0000000082b00000, 0x0000000082a00000| Complete 
|  43|0x0000000082b00000, 0x0000000082c00000, 0x0000000082c00000|100%|HC|  |TAMS 0x0000000082c00000, 0x0000000082b00000| Complete 
|  44|0x0000000082c00000, 0x0000000082d00000, 0x0000000082d00000|100%|HS|  |TAMS 0x0000000082d00000, 0x0000000082c00000| Complete 
|  45|0x0000000082d00000, 0x0000000082e00000, 0x0000000082e00000|100%|HC|  |TAMS 0x0000000082e00000, 0x0000000082d00000| Complete 
|  46|0x0000000082e00000, 0x0000000082f00000, 0x0000000082f00000|100%|HS|  |TAMS 0x0000000082f00000, 0x0000000082e00000| Complete 
|  47|0x0000000082f00000, 0x0000000083000000, 0x0000000083000000|100%|HS|  |TAMS 0x0000000083000000, 0x0000000082f00000| Complete 
|  48|0x0000000083000000, 0x0000000083100000, 0x0000000083100000|100%|HC|  |TAMS 0x0000000083100000, 0x0000000083000000| Complete 
|  49|0x0000000083100000, 0x0000000083200000, 0x0000000083200000|100%|HC|  |TAMS 0x0000000083200000, 0x0000000083100000| Complete 
|  50|0x0000000083200000, 0x0000000083300000, 0x0000000083300000|100%| O|  |TAMS 0x0000000083300000, 0x0000000083200000| Untracked 
|  51|0x0000000083300000, 0x0000000083400000, 0x0000000083400000|100%|HS|  |TAMS 0x0000000083400000, 0x0000000083300000| Complete 
|  52|0x0000000083400000, 0x0000000083500000, 0x0000000083500000|100%|HS|  |TAMS 0x0000000083500000, 0x0000000083400000| Complete 
|  53|0x0000000083500000, 0x0000000083600000, 0x0000000083600000|100%| O|  |TAMS 0x0000000083600000, 0x0000000083500000| Untracked 
|  54|0x0000000083600000, 0x0000000083700000, 0x0000000083700000|100%| O|  |TAMS 0x0000000083700000, 0x0000000083600000| Untracked 
|  55|0x0000000083700000, 0x0000000083800000, 0x0000000083800000|100%| O|  |TAMS 0x0000000083800000, 0x0000000083700000| Untracked 
|  56|0x0000000083800000, 0x0000000083900000, 0x0000000083900000|100%| O|  |TAMS 0x0000000083900000, 0x0000000083800000| Untracked 
|  57|0x0000000083900000, 0x0000000083a00000, 0x0000000083a00000|100%| O|  |TAMS 0x0000000083a00000, 0x0000000083900000| Untracked 
|  58|0x0000000083a00000, 0x0000000083b00000, 0x0000000083b00000|100%| O|  |TAMS 0x0000000083b00000, 0x0000000083a00000| Untracked 
|  59|0x0000000083b00000, 0x0000000083c00000, 0x0000000083c00000|100%| O|  |TAMS 0x0000000083c00000, 0x0000000083b00000| Untracked 
|  60|0x0000000083c00000, 0x0000000083d00000, 0x0000000083d00000|100%|HS|  |TAMS 0x0000000083d00000, 0x0000000083c00000| Complete 
|  61|0x0000000083d00000, 0x0000000083e00000, 0x0000000083e00000|100%| O|  |TAMS 0x0000000083e00000, 0x0000000083d00000| Untracked 
|  62|0x0000000083e00000, 0x0000000083f00000, 0x0000000083f00000|100%| O|  |TAMS 0x0000000083f00000, 0x0000000083e00000| Untracked 
|  63|0x0000000083f00000, 0x0000000084000000, 0x0000000084000000|100%|HS|  |TAMS 0x0000000084000000, 0x0000000083f00000| Complete 
|  64|0x0000000084000000, 0x0000000084100000, 0x0000000084100000|100%|HC|  |TAMS 0x0000000084100000, 0x0000000084000000| Complete 
|  65|0x0000000084100000, 0x0000000084200000, 0x0000000084200000|100%|HC|  |TAMS 0x0000000084200000, 0x0000000084100000| Complete 
|  66|0x0000000084200000, 0x0000000084300000, 0x0000000084300000|100%| O|  |TAMS 0x0000000084300000, 0x0000000084200000| Untracked 
|  67|0x0000000084300000, 0x0000000084400000, 0x0000000084400000|100%| O|  |TAMS 0x0000000084400000, 0x0000000084300000| Untracked 
|  68|0x0000000084400000, 0x0000000084500000, 0x0000000084500000|100%| O|  |TAMS 0x0000000084400000, 0x0000000084400000| Untracked 
|  69|0x0000000084500000, 0x0000000084600000, 0x0000000084600000|100%|HS|  |TAMS 0x0000000084600000, 0x0000000084500000| Complete 
|  70|0x0000000084600000, 0x0000000084700000, 0x0000000084700000|100%| O|  |TAMS 0x0000000084700000, 0x0000000084600000| Untracked 
|  71|0x0000000084700000, 0x0000000084800000, 0x0000000084800000|100%| O|  |TAMS 0x0000000084800000, 0x0000000084700000| Untracked 
|  72|0x0000000084800000, 0x0000000084900000, 0x0000000084900000|100%| O|  |TAMS 0x0000000084900000, 0x0000000084800000| Untracked 
|  73|0x0000000084900000, 0x0000000084a00000, 0x0000000084a00000|100%| O|  |TAMS 0x0000000084a00000, 0x0000000084900000| Untracked 
|  74|0x0000000084a00000, 0x0000000084b00000, 0x0000000084b00000|100%| O|  |TAMS 0x0000000084b00000, 0x0000000084a00000| Untracked 
|  75|0x0000000084b00000, 0x0000000084c00000, 0x0000000084c00000|100%| O|  |TAMS 0x0000000084c00000, 0x0000000084b00000| Untracked 
|  76|0x0000000084c00000, 0x0000000084d00000, 0x0000000084d00000|100%| O|  |TAMS 0x0000000084d00000, 0x0000000084c00000| Untracked 
|  77|0x0000000084d00000, 0x0000000084e00000, 0x0000000084e00000|100%| O|  |TAMS 0x0000000084e00000, 0x0000000084d00000| Untracked 
|  78|0x0000000084e00000, 0x0000000084f00000, 0x0000000084f00000|100%| O|  |TAMS 0x0000000084f00000, 0x0000000084e00000| Untracked 
|  79|0x0000000084f00000, 0x0000000085000000, 0x0000000085000000|100%| O|  |TAMS 0x0000000085000000, 0x0000000084f00000| Untracked 
|  80|0x0000000085000000, 0x0000000085100000, 0x0000000085100000|100%| O|  |TAMS 0x0000000085100000, 0x0000000085000000| Untracked 
|  81|0x0000000085100000, 0x0000000085200000, 0x0000000085200000|100%| O|  |TAMS 0x0000000085200000, 0x0000000085100000| Untracked 
|  82|0x0000000085200000, 0x0000000085300000, 0x0000000085300000|100%| O|  |TAMS 0x0000000085300000, 0x0000000085200000| Untracked 
|  83|0x0000000085300000, 0x0000000085400000, 0x0000000085400000|100%| O|  |TAMS 0x0000000085400000, 0x0000000085300000| Untracked 
|  84|0x0000000085400000, 0x0000000085500000, 0x0000000085500000|100%| O|  |TAMS 0x0000000085500000, 0x0000000085400000| Untracked 
|  85|0x0000000085500000, 0x0000000085600000, 0x0000000085600000|100%| O|  |TAMS 0x0000000085600000, 0x0000000085500000| Untracked 
|  86|0x0000000085600000, 0x0000000085700000, 0x0000000085700000|100%| O|  |TAMS 0x0000000085700000, 0x0000000085600000| Untracked 
|  87|0x0000000085700000, 0x0000000085800000, 0x0000000085800000|100%| O|  |TAMS 0x0000000085800000, 0x0000000085700000| Untracked 
|  88|0x0000000085800000, 0x0000000085900000, 0x0000000085900000|100%| O|  |TAMS 0x0000000085900000, 0x0000000085800000| Untracked 
|  89|0x0000000085900000, 0x0000000085a00000, 0x0000000085a00000|100%| O|  |TAMS 0x0000000085a00000, 0x0000000085900000| Untracked 
|  90|0x0000000085a00000, 0x0000000085b00000, 0x0000000085b00000|100%| O|  |TAMS 0x0000000085b00000, 0x0000000085a00000| Untracked 
|  91|0x0000000085b00000, 0x0000000085c00000, 0x0000000085c00000|100%| O|  |TAMS 0x0000000085c00000, 0x0000000085b00000| Untracked 
|  92|0x0000000085c00000, 0x0000000085d00000, 0x0000000085d00000|100%| O|  |TAMS 0x0000000085d00000, 0x0000000085c00000| Untracked 
|  93|0x0000000085d00000, 0x0000000085e00000, 0x0000000085e00000|100%| O|  |TAMS 0x0000000085e00000, 0x0000000085d00000| Untracked 
|  94|0x0000000085e00000, 0x0000000085f00000, 0x0000000085f00000|100%| O|  |TAMS 0x0000000085f00000, 0x0000000085e00000| Untracked 
|  95|0x0000000085f00000, 0x0000000086000000, 0x0000000086000000|100%| O|  |TAMS 0x0000000086000000, 0x0000000085f00000| Untracked 
|  96|0x0000000086000000, 0x0000000086100000, 0x0000000086100000|100%| O|  |TAMS 0x0000000086100000, 0x0000000086000000| Untracked 
|  97|0x0000000086100000, 0x0000000086200000, 0x0000000086200000|100%| O|  |TAMS 0x0000000086200000, 0x0000000086100000| Untracked 
|  98|0x0000000086200000, 0x0000000086300000, 0x0000000086300000|100%| O|  |TAMS 0x0000000086300000, 0x0000000086200000| Untracked 
|  99|0x0000000086300000, 0x0000000086400000, 0x0000000086400000|100%| O|  |TAMS 0x0000000086400000, 0x0000000086300000| Untracked 
| 100|0x0000000086400000, 0x0000000086500000, 0x0000000086500000|100%| O|  |TAMS 0x0000000086500000, 0x0000000086400000| Untracked 
| 101|0x0000000086500000, 0x0000000086600000, 0x0000000086600000|100%| O|  |TAMS 0x0000000086600000, 0x0000000086500000| Untracked 
| 102|0x0000000086600000, 0x0000000086700000, 0x0000000086700000|100%| O|  |TAMS 0x0000000086700000, 0x0000000086600000| Untracked 
| 103|0x0000000086700000, 0x0000000086800000, 0x0000000086800000|100%| O|  |TAMS 0x0000000086800000, 0x0000000086700000| Untracked 
| 104|0x0000000086800000, 0x0000000086900000, 0x0000000086900000|100%| O|  |TAMS 0x0000000086900000, 0x0000000086800000| Untracked 
| 105|0x0000000086900000, 0x0000000086a00000, 0x0000000086a00000|100%| O|  |TAMS 0x0000000086a00000, 0x0000000086900000| Untracked 
| 106|0x0000000086a00000, 0x0000000086b00000, 0x0000000086b00000|100%| O|  |TAMS 0x0000000086a00000, 0x0000000086a00000| Untracked 
| 107|0x0000000086b00000, 0x0000000086c00000, 0x0000000086c00000|100%| O|  |TAMS 0x0000000086c00000, 0x0000000086b00000| Untracked 
| 108|0x0000000086c00000, 0x0000000086d00000, 0x0000000086d00000|100%| O|  |TAMS 0x0000000086d00000, 0x0000000086c00000| Untracked 
| 109|0x0000000086d00000, 0x0000000086e00000, 0x0000000086e00000|100%| O|  |TAMS 0x0000000086e00000, 0x0000000086d00000| Untracked 
| 110|0x0000000086e00000, 0x0000000086f00000, 0x0000000086f00000|100%| O|  |TAMS 0x0000000086f00000, 0x0000000086e00000| Untracked 
| 111|0x0000000086f00000, 0x0000000087000000, 0x0000000087000000|100%| O|  |TAMS 0x0000000087000000, 0x0000000086f00000| Untracked 
| 112|0x0000000087000000, 0x0000000087100000, 0x0000000087100000|100%| O|  |TAMS 0x0000000087100000, 0x0000000087000000| Untracked 
| 113|0x0000000087100000, 0x0000000087200000, 0x0000000087200000|100%| O|  |TAMS 0x0000000087200000, 0x0000000087100000| Untracked 
| 114|0x0000000087200000, 0x0000000087300000, 0x0000000087300000|100%| O|  |TAMS 0x0000000087300000, 0x0000000087200000| Untracked 
| 115|0x0000000087300000, 0x0000000087400000, 0x0000000087400000|100%| O|  |TAMS 0x0000000087400000, 0x0000000087300000| Untracked 
| 116|0x0000000087400000, 0x0000000087500000, 0x0000000087500000|100%| O|  |TAMS 0x0000000087500000, 0x0000000087400000| Untracked 
| 117|0x0000000087500000, 0x0000000087600000, 0x0000000087600000|100%| O|  |TAMS 0x0000000087600000, 0x0000000087500000| Untracked 
| 118|0x0000000087600000, 0x0000000087700000, 0x0000000087700000|100%| O|  |TAMS 0x0000000087700000, 0x0000000087600000| Untracked 
| 119|0x0000000087700000, 0x0000000087800000, 0x0000000087800000|100%| O|  |TAMS 0x0000000087800000, 0x0000000087700000| Untracked 
| 120|0x0000000087800000, 0x0000000087900000, 0x0000000087900000|100%| O|  |TAMS 0x0000000087900000, 0x0000000087800000| Untracked 
| 121|0x0000000087900000, 0x0000000087a00000, 0x0000000087a00000|100%| O|  |TAMS 0x000000008796ae00, 0x0000000087900000| Untracked 
| 122|0x0000000087a00000, 0x0000000087b00000, 0x0000000087b00000|100%| O|  |TAMS 0x0000000087a00000, 0x0000000087a00000| Untracked 
| 123|0x0000000087b00000, 0x0000000087c00000, 0x0000000087c00000|100%| O|  |TAMS 0x0000000087b00000, 0x0000000087b00000| Untracked 
| 124|0x0000000087c00000, 0x0000000087d00000, 0x0000000087d00000|100%| O|  |TAMS 0x0000000087c00000, 0x0000000087c00000| Untracked 
| 125|0x0000000087d00000, 0x0000000087e00000, 0x0000000087e00000|100%| O|  |TAMS 0x0000000087d00000, 0x0000000087d00000| Untracked 
| 126|0x0000000087e00000, 0x0000000087f00000, 0x0000000087f00000|100%| O|  |TAMS 0x0000000087e00000, 0x0000000087e00000| Untracked 
| 127|0x0000000087f00000, 0x0000000088000000, 0x0000000088000000|100%| O|  |TAMS 0x0000000087f00000, 0x0000000087f00000| Untracked 
| 128|0x0000000088000000, 0x0000000088100000, 0x0000000088100000|100%| O|  |TAMS 0x0000000088000000, 0x0000000088000000| Untracked 
| 129|0x0000000088100000, 0x0000000088200000, 0x0000000088200000|100%|HS|  |TAMS 0x0000000088100000, 0x0000000088100000| Complete 
| 130|0x0000000088200000, 0x0000000088300000, 0x0000000088300000|100%|HC|  |TAMS 0x0000000088200000, 0x0000000088200000| Complete 
| 131|0x0000000088300000, 0x0000000088400000, 0x0000000088400000|100%|HC|  |TAMS 0x0000000088300000, 0x0000000088300000| Complete 
| 132|0x0000000088400000, 0x0000000088500000, 0x0000000088500000|100%| O|  |TAMS 0x0000000088400000, 0x0000000088400000| Untracked 
| 133|0x0000000088500000, 0x0000000088600000, 0x0000000088600000|100%| O|  |TAMS 0x0000000088500000, 0x0000000088500000| Untracked 
| 134|0x0000000088600000, 0x0000000088700000, 0x0000000088700000|100%| O|  |TAMS 0x0000000088600000, 0x0000000088600000| Untracked 
| 135|0x0000000088700000, 0x0000000088800000, 0x0000000088800000|100%|HS|  |TAMS 0x0000000088700000, 0x0000000088700000| Complete 
| 136|0x0000000088800000, 0x0000000088900000, 0x0000000088900000|100%|HC|  |TAMS 0x0000000088800000, 0x0000000088800000| Complete 
| 137|0x0000000088900000, 0x0000000088a00000, 0x0000000088a00000|100%|HC|  |TAMS 0x0000000088900000, 0x0000000088900000| Complete 
| 138|0x0000000088a00000, 0x0000000088b00000, 0x0000000088b00000|100%|HC|  |TAMS 0x0000000088a00000, 0x0000000088a00000| Complete 
| 139|0x0000000088b00000, 0x0000000088c00000, 0x0000000088c00000|100%| O|  |TAMS 0x0000000088b00000, 0x0000000088b00000| Untracked 
| 140|0x0000000088c00000, 0x0000000088d00000, 0x0000000088d00000|100%| O|  |TAMS 0x0000000088c00000, 0x0000000088c00000| Untracked 
| 141|0x0000000088d00000, 0x0000000088e00000, 0x0000000088e00000|100%| O|  |TAMS 0x0000000088d00000, 0x0000000088d00000| Untracked 
| 142|0x0000000088e00000, 0x0000000088f00000, 0x0000000088f00000|100%| O|  |TAMS 0x0000000088e00000, 0x0000000088e00000| Untracked 
| 143|0x0000000088f00000, 0x0000000089000000, 0x0000000089000000|100%| O|  |TAMS 0x0000000088f00000, 0x0000000088f00000| Untracked 
| 144|0x0000000089000000, 0x0000000089100000, 0x0000000089100000|100%| O|  |TAMS 0x0000000089000000, 0x0000000089000000| Untracked 
| 145|0x0000000089100000, 0x0000000089200000, 0x0000000089200000|100%| O|  |TAMS 0x0000000089100000, 0x0000000089100000| Untracked 
| 146|0x0000000089200000, 0x0000000089300000, 0x0000000089300000|100%| O|  |TAMS 0x0000000089200000, 0x0000000089200000| Untracked 
| 147|0x0000000089300000, 0x0000000089400000, 0x0000000089400000|100%| O|  |TAMS 0x0000000089300000, 0x0000000089300000| Untracked 
| 148|0x0000000089400000, 0x0000000089500000, 0x0000000089500000|100%| O|  |TAMS 0x0000000089400000, 0x0000000089400000| Untracked 
| 149|0x0000000089500000, 0x0000000089600000, 0x0000000089600000|100%| O|  |TAMS 0x0000000089500000, 0x0000000089500000| Untracked 
| 150|0x0000000089600000, 0x0000000089700000, 0x0000000089700000|100%| O|  |TAMS 0x0000000089600000, 0x0000000089600000| Untracked 
| 151|0x0000000089700000, 0x0000000089700000, 0x0000000089800000|  0%| F|  |TAMS 0x0000000089700000, 0x0000000089700000| Untracked 
| 152|0x0000000089800000, 0x0000000089800000, 0x0000000089900000|  0%| F|  |TAMS 0x0000000089800000, 0x0000000089800000| Untracked 
| 153|0x0000000089900000, 0x0000000089900000, 0x0000000089a00000|  0%| F|  |TAMS 0x0000000089900000, 0x0000000089900000| Untracked 
| 154|0x0000000089a00000, 0x0000000089a00000, 0x0000000089b00000|  0%| F|  |TAMS 0x0000000089a00000, 0x0000000089a00000| Untracked 
| 155|0x0000000089b00000, 0x0000000089b00000, 0x0000000089c00000|  0%| F|  |TAMS 0x0000000089b00000, 0x0000000089b00000| Untracked 
| 156|0x0000000089c00000, 0x0000000089c00000, 0x0000000089d00000|  0%| F|  |TAMS 0x0000000089c00000, 0x0000000089c00000| Untracked 
| 157|0x0000000089d00000, 0x0000000089d00000, 0x0000000089e00000|  0%| F|  |TAMS 0x0000000089d00000, 0x0000000089d00000| Untracked 
| 158|0x0000000089e00000, 0x0000000089e00000, 0x0000000089f00000|  0%| F|  |TAMS 0x0000000089e00000, 0x0000000089e00000| Untracked 
| 159|0x0000000089f00000, 0x0000000089f00000, 0x000000008a000000|  0%| F|  |TAMS 0x0000000089f00000, 0x0000000089f00000| Untracked 
| 160|0x000000008a000000, 0x000000008a000000, 0x000000008a100000|  0%| F|  |TAMS 0x000000008a000000, 0x000000008a000000| Untracked 
| 161|0x000000008a100000, 0x000000008a100000, 0x000000008a200000|  0%| F|  |TAMS 0x000000008a100000, 0x000000008a100000| Untracked 
| 162|0x000000008a200000, 0x000000008a200000, 0x000000008a300000|  0%| F|  |TAMS 0x000000008a200000, 0x000000008a200000| Untracked 
| 163|0x000000008a300000, 0x000000008a300000, 0x000000008a400000|  0%| F|  |TAMS 0x000000008a300000, 0x000000008a300000| Untracked 
| 164|0x000000008a400000, 0x000000008a400000, 0x000000008a500000|  0%| F|  |TAMS 0x000000008a400000, 0x000000008a400000| Untracked 
| 165|0x000000008a500000, 0x000000008a500000, 0x000000008a600000|  0%| F|  |TAMS 0x000000008a500000, 0x000000008a500000| Untracked 
| 166|0x000000008a600000, 0x000000008a600000, 0x000000008a700000|  0%| F|  |TAMS 0x000000008a600000, 0x000000008a600000| Untracked 
| 167|0x000000008a700000, 0x000000008a700000, 0x000000008a800000|  0%| F|  |TAMS 0x000000008a700000, 0x000000008a700000| Untracked 
| 168|0x000000008a800000, 0x000000008a800000, 0x000000008a900000|  0%| F|  |TAMS 0x000000008a800000, 0x000000008a800000| Untracked 
| 169|0x000000008a900000, 0x000000008a900000, 0x000000008aa00000|  0%| F|  |TAMS 0x000000008a900000, 0x000000008a900000| Untracked 
| 170|0x000000008aa00000, 0x000000008aa00000, 0x000000008ab00000|  0%| F|  |TAMS 0x000000008aa00000, 0x000000008aa00000| Untracked 
| 171|0x000000008ab00000, 0x000000008ab00000, 0x000000008ac00000|  0%| F|  |TAMS 0x000000008ab00000, 0x000000008ab00000| Untracked 
| 172|0x000000008ac00000, 0x000000008ac00000, 0x000000008ad00000|  0%| F|  |TAMS 0x000000008ac00000, 0x000000008ac00000| Untracked 
| 173|0x000000008ad00000, 0x000000008ad00000, 0x000000008ae00000|  0%| F|  |TAMS 0x000000008ad00000, 0x000000008ad00000| Untracked 
| 174|0x000000008ae00000, 0x000000008ae00000, 0x000000008af00000|  0%| F|  |TAMS 0x000000008ae00000, 0x000000008ae00000| Untracked 
| 175|0x000000008af00000, 0x000000008af00000, 0x000000008b000000|  0%| F|  |TAMS 0x000000008af00000, 0x000000008af00000| Untracked 
| 176|0x000000008b000000, 0x000000008b000000, 0x000000008b100000|  0%| F|  |TAMS 0x000000008b000000, 0x000000008b000000| Untracked 
| 177|0x000000008b100000, 0x000000008b100000, 0x000000008b200000|  0%| F|  |TAMS 0x000000008b100000, 0x000000008b100000| Untracked 
| 178|0x000000008b200000, 0x000000008b200000, 0x000000008b300000|  0%| F|  |TAMS 0x000000008b200000, 0x000000008b200000| Untracked 
| 179|0x000000008b300000, 0x000000008b300000, 0x000000008b400000|  0%| F|  |TAMS 0x000000008b300000, 0x000000008b300000| Untracked 
| 180|0x000000008b400000, 0x000000008b400000, 0x000000008b500000|  0%| F|  |TAMS 0x000000008b400000, 0x000000008b400000| Untracked 
| 181|0x000000008b500000, 0x000000008b500000, 0x000000008b600000|  0%| F|  |TAMS 0x000000008b500000, 0x000000008b500000| Untracked 
| 182|0x000000008b600000, 0x000000008b600000, 0x000000008b700000|  0%| F|  |TAMS 0x000000008b600000, 0x000000008b600000| Untracked 
| 183|0x000000008b700000, 0x000000008b700000, 0x000000008b800000|  0%| F|  |TAMS 0x000000008b700000, 0x000000008b700000| Untracked 
| 184|0x000000008b800000, 0x000000008b800000, 0x000000008b900000|  0%| F|  |TAMS 0x000000008b800000, 0x000000008b800000| Untracked 
| 185|0x000000008b900000, 0x000000008b900000, 0x000000008ba00000|  0%| F|  |TAMS 0x000000008b900000, 0x000000008b900000| Untracked 
| 186|0x000000008ba00000, 0x000000008ba00000, 0x000000008bb00000|  0%| F|  |TAMS 0x000000008ba00000, 0x000000008ba00000| Untracked 
| 187|0x000000008bb00000, 0x000000008bb00000, 0x000000008bc00000|  0%| F|  |TAMS 0x000000008bb00000, 0x000000008bb00000| Untracked 
| 188|0x000000008bc00000, 0x000000008bc00000, 0x000000008bd00000|  0%| F|  |TAMS 0x000000008bc00000, 0x000000008bc00000| Untracked 
| 189|0x000000008bd00000, 0x000000008bd00000, 0x000000008be00000|  0%| F|  |TAMS 0x000000008bd00000, 0x000000008bd00000| Untracked 
| 190|0x000000008be00000, 0x000000008bec1088, 0x000000008bf00000| 75%| S|CS|TAMS 0x000000008be00000, 0x000000008be00000| Complete 
| 191|0x000000008bf00000, 0x000000008c000000, 0x000000008c000000|100%| S|CS|TAMS 0x000000008bf00000, 0x000000008bf00000| Complete 
| 192|0x000000008c000000, 0x000000008c100000, 0x000000008c100000|100%| S|CS|TAMS 0x000000008c000000, 0x000000008c000000| Complete 
| 193|0x000000008c100000, 0x000000008c100000, 0x000000008c200000|  0%| F|  |TAMS 0x000000008c100000, 0x000000008c100000| Untracked 
| 194|0x000000008c200000, 0x000000008c200000, 0x000000008c300000|  0%| F|  |TAMS 0x000000008c200000, 0x000000008c200000| Untracked 
| 195|0x000000008c300000, 0x000000008c300000, 0x000000008c400000|  0%| F|  |TAMS 0x000000008c300000, 0x000000008c300000| Untracked 
| 196|0x000000008c400000, 0x000000008c400000, 0x000000008c500000|  0%| F|  |TAMS 0x000000008c400000, 0x000000008c400000| Untracked 
| 197|0x000000008c500000, 0x000000008c500000, 0x000000008c600000|  0%| F|  |TAMS 0x000000008c500000, 0x000000008c500000| Untracked 
| 198|0x000000008c600000, 0x000000008c600000, 0x000000008c700000|  0%| F|  |TAMS 0x000000008c600000, 0x000000008c600000| Untracked 
| 199|0x000000008c700000, 0x000000008c700000, 0x000000008c800000|  0%| F|  |TAMS 0x000000008c700000, 0x000000008c700000| Untracked 
| 200|0x000000008c800000, 0x000000008c800000, 0x000000008c900000|  0%| F|  |TAMS 0x000000008c800000, 0x000000008c800000| Untracked 
| 201|0x000000008c900000, 0x000000008c900000, 0x000000008ca00000|  0%| F|  |TAMS 0x000000008c900000, 0x000000008c900000| Untracked 
| 202|0x000000008ca00000, 0x000000008ca00000, 0x000000008cb00000|  0%| F|  |TAMS 0x000000008ca00000, 0x000000008ca00000| Untracked 
| 203|0x000000008cb00000, 0x000000008cb00000, 0x000000008cc00000|  0%| F|  |TAMS 0x000000008cb00000, 0x000000008cb00000| Untracked 
| 204|0x000000008cc00000, 0x000000008cc00000, 0x000000008cd00000|  0%| F|  |TAMS 0x000000008cc00000, 0x000000008cc00000| Untracked 
| 205|0x000000008cd00000, 0x000000008cd00000, 0x000000008ce00000|  0%| F|  |TAMS 0x000000008cd00000, 0x000000008cd00000| Untracked 
| 206|0x000000008ce00000, 0x000000008ce00000, 0x000000008cf00000|  0%| F|  |TAMS 0x000000008ce00000, 0x000000008ce00000| Untracked 
| 207|0x000000008cf00000, 0x000000008cf00000, 0x000000008d000000|  0%| F|  |TAMS 0x000000008cf00000, 0x000000008cf00000| Untracked 
| 208|0x000000008d000000, 0x000000008d000000, 0x000000008d100000|  0%| F|  |TAMS 0x000000008d000000, 0x000000008d000000| Untracked 
| 209|0x000000008d100000, 0x000000008d100000, 0x000000008d200000|  0%| F|  |TAMS 0x000000008d100000, 0x000000008d100000| Untracked 
| 210|0x000000008d200000, 0x000000008d200000, 0x000000008d300000|  0%| F|  |TAMS 0x000000008d200000, 0x000000008d200000| Untracked 
| 211|0x000000008d300000, 0x000000008d300000, 0x000000008d400000|  0%| F|  |TAMS 0x000000008d300000, 0x000000008d300000| Untracked 
| 212|0x000000008d400000, 0x000000008d400000, 0x000000008d500000|  0%| F|  |TAMS 0x000000008d400000, 0x000000008d400000| Untracked 
| 213|0x000000008d500000, 0x000000008d500000, 0x000000008d600000|  0%| F|  |TAMS 0x000000008d500000, 0x000000008d500000| Untracked 
| 214|0x000000008d600000, 0x000000008d600000, 0x000000008d700000|  0%| F|  |TAMS 0x000000008d600000, 0x000000008d600000| Untracked 
| 215|0x000000008d700000, 0x000000008d700000, 0x000000008d800000|  0%| F|  |TAMS 0x000000008d700000, 0x000000008d700000| Untracked 
| 216|0x000000008d800000, 0x000000008d800000, 0x000000008d900000|  0%| F|  |TAMS 0x000000008d800000, 0x000000008d800000| Untracked 
| 217|0x000000008d900000, 0x000000008d900000, 0x000000008da00000|  0%| F|  |TAMS 0x000000008d900000, 0x000000008d900000| Untracked 
| 218|0x000000008da00000, 0x000000008da00000, 0x000000008db00000|  0%| F|  |TAMS 0x000000008da00000, 0x000000008da00000| Untracked 
| 219|0x000000008db00000, 0x000000008db00000, 0x000000008dc00000|  0%| F|  |TAMS 0x000000008db00000, 0x000000008db00000| Untracked 
| 220|0x000000008dc00000, 0x000000008dc00000, 0x000000008dd00000|  0%| F|  |TAMS 0x000000008dc00000, 0x000000008dc00000| Untracked 
| 221|0x000000008dd00000, 0x000000008dd00000, 0x000000008de00000|  0%| F|  |TAMS 0x000000008dd00000, 0x000000008dd00000| Untracked 
| 222|0x000000008de00000, 0x000000008de00000, 0x000000008df00000|  0%| F|  |TAMS 0x000000008de00000, 0x000000008de00000| Untracked 
| 223|0x000000008df00000, 0x000000008df00000, 0x000000008e000000|  0%| F|  |TAMS 0x000000008df00000, 0x000000008df00000| Untracked 
| 224|0x000000008e000000, 0x000000008e000000, 0x000000008e100000|  0%| F|  |TAMS 0x000000008e000000, 0x000000008e000000| Untracked 
| 225|0x000000008e100000, 0x000000008e100000, 0x000000008e200000|  0%| F|  |TAMS 0x000000008e100000, 0x000000008e100000| Untracked 
| 226|0x000000008e200000, 0x000000008e200000, 0x000000008e300000|  0%| F|  |TAMS 0x000000008e200000, 0x000000008e200000| Untracked 
| 227|0x000000008e300000, 0x000000008e300000, 0x000000008e400000|  0%| F|  |TAMS 0x000000008e300000, 0x000000008e300000| Untracked 
| 228|0x000000008e400000, 0x000000008e400000, 0x000000008e500000|  0%| F|  |TAMS 0x000000008e400000, 0x000000008e400000| Untracked 
| 229|0x000000008e500000, 0x000000008e500000, 0x000000008e600000|  0%| F|  |TAMS 0x000000008e500000, 0x000000008e500000| Untracked 
| 230|0x000000008e600000, 0x000000008e600000, 0x000000008e700000|  0%| F|  |TAMS 0x000000008e600000, 0x000000008e600000| Untracked 
| 231|0x000000008e700000, 0x000000008e700000, 0x000000008e800000|  0%| F|  |TAMS 0x000000008e700000, 0x000000008e700000| Untracked 
| 232|0x000000008e800000, 0x000000008e800000, 0x000000008e900000|  0%| F|  |TAMS 0x000000008e800000, 0x000000008e800000| Untracked 
| 233|0x000000008e900000, 0x000000008e900000, 0x000000008ea00000|  0%| F|  |TAMS 0x000000008e900000, 0x000000008e900000| Untracked 
| 234|0x000000008ea00000, 0x000000008ea00000, 0x000000008eb00000|  0%| F|  |TAMS 0x000000008ea00000, 0x000000008ea00000| Untracked 
| 235|0x000000008eb00000, 0x000000008eb00000, 0x000000008ec00000|  0%| F|  |TAMS 0x000000008eb00000, 0x000000008eb00000| Untracked 
| 236|0x000000008ec00000, 0x000000008ec00000, 0x000000008ed00000|  0%| F|  |TAMS 0x000000008ec00000, 0x000000008ec00000| Untracked 
| 237|0x000000008ed00000, 0x000000008ed00000, 0x000000008ee00000|  0%| F|  |TAMS 0x000000008ed00000, 0x000000008ed00000| Untracked 
| 238|0x000000008ee00000, 0x000000008ee00000, 0x000000008ef00000|  0%| F|  |TAMS 0x000000008ee00000, 0x000000008ee00000| Untracked 
| 239|0x000000008ef00000, 0x000000008ef00000, 0x000000008f000000|  0%| F|  |TAMS 0x000000008ef00000, 0x000000008ef00000| Untracked 
| 240|0x000000008f000000, 0x000000008f000000, 0x000000008f100000|  0%| F|  |TAMS 0x000000008f000000, 0x000000008f000000| Untracked 
| 241|0x000000008f100000, 0x000000008f100000, 0x000000008f200000|  0%| F|  |TAMS 0x000000008f100000, 0x000000008f100000| Untracked 
| 242|0x000000008f200000, 0x000000008f200000, 0x000000008f300000|  0%| F|  |TAMS 0x000000008f200000, 0x000000008f200000| Untracked 
| 243|0x000000008f300000, 0x000000008f300000, 0x000000008f400000|  0%| F|  |TAMS 0x000000008f300000, 0x000000008f300000| Untracked 
| 244|0x000000008f400000, 0x000000008f400000, 0x000000008f500000|  0%| F|  |TAMS 0x000000008f400000, 0x000000008f400000| Untracked 
| 245|0x000000008f500000, 0x000000008f500000, 0x000000008f600000|  0%| F|  |TAMS 0x000000008f500000, 0x000000008f500000| Untracked 
| 246|0x000000008f600000, 0x000000008f600000, 0x000000008f700000|  0%| F|  |TAMS 0x000000008f600000, 0x000000008f600000| Untracked 
| 247|0x000000008f700000, 0x000000008f700000, 0x000000008f800000|  0%| F|  |TAMS 0x000000008f700000, 0x000000008f700000| Untracked 
| 248|0x000000008f800000, 0x000000008f800000, 0x000000008f900000|  0%| F|  |TAMS 0x000000008f800000, 0x000000008f800000| Untracked 
| 249|0x000000008f900000, 0x000000008f900000, 0x000000008fa00000|  0%| F|  |TAMS 0x000000008f900000, 0x000000008f900000| Untracked 
| 250|0x000000008fa00000, 0x000000008fa00000, 0x000000008fb00000|  0%| F|  |TAMS 0x000000008fa00000, 0x000000008fa00000| Untracked 
| 251|0x000000008fb00000, 0x000000008fb00000, 0x000000008fc00000|  0%| F|  |TAMS 0x000000008fb00000, 0x000000008fb00000| Untracked 
| 252|0x000000008fc00000, 0x000000008fc00000, 0x000000008fd00000|  0%| F|  |TAMS 0x000000008fc00000, 0x000000008fc00000| Untracked 
| 253|0x000000008fd00000, 0x000000008fd00000, 0x000000008fe00000|  0%| F|  |TAMS 0x000000008fd00000, 0x000000008fd00000| Untracked 

Card table byte_map: [0x000001defbf90000,0x000001defc390000] _byte_map_base: 0x000001defbb90000

Marking Bits (Prev, Next): (CMBitMap*) 0x000001defa812900, (CMBitMap*) 0x000001defa8128c0
 Prev Bits: [0x000001de96ad0000, 0x000001de98ad0000)
 Next Bits: [0x000001defc790000, 0x000001defe790000)

Polling page: 0x000001def8770000

Metaspace:

Usage:
  Non-class:    115.68 MB used.
      Class:     20.04 MB used.
       Both:    135.72 MB used.

Virtual space:
  Non-class space:      128.00 MB reserved,     116.31 MB ( 91%) committed,  2 nodes.
      Class space:        1.00 GB reserved,      20.62 MB (  2%) committed,  1 nodes.
             Both:        1.12 GB reserved,     136.94 MB ( 12%) committed. 

Chunk freelists:
   Non-Class:  11.61 MB
       Class:  11.22 MB
        Both:  22.83 MB

MaxMetaspaceSize: unlimited
CompressedClassSpaceSize: 1.00 GB
Initial GC threshold: 21.00 MB
Current GC threshold: 201.69 MB
CDS: on
MetaspaceReclaimPolicy: balanced
 - commit_granule_bytes: 65536.
 - commit_granule_words: 8192.
 - virtual_space_node_default_size: 8388608.
 - enlarge_chunks_in_place: 1.
 - new_chunks_are_fully_committed: 0.
 - uncommit_free_chunks: 1.
 - use_allocation_guard: 0.
 - handle_deallocations: 1.


Internal statistics:

num_allocs_failed_limit: 6.
num_arena_births: 1984.
num_arena_deaths: 136.
num_vsnodes_births: 3.
num_vsnodes_deaths: 0.
num_space_committed: 2190.
num_space_uncommitted: 0.
num_chunks_returned_to_freelist: 204.
num_chunks_taken_from_freelist: 8097.
num_chunk_merges: 89.
num_chunk_splits: 5291.
num_chunks_enlarged: 3446.
num_inconsistent_stats: 0.

CodeHeap 'non-profiled nmethods': size=118848Kb used=9646Kb max_used=9646Kb free=109201Kb
 bounds [0x000001de8f6c0000, 0x000001de90030000, 0x000001de96ad0000]
CodeHeap 'profiled nmethods': size=118848Kb used=37110Kb max_used=37110Kb free=81737Kb
 bounds [0x000001de87ad0000, 0x000001de89f10000, 0x000001de8eee0000]
CodeHeap 'non-nmethods': size=8064Kb used=4091Kb max_used=4120Kb free=3973Kb
 bounds [0x000001de8eee0000, 0x000001de8f2f0000, 0x000001de8f6c0000]
 total_blobs=19538 nmethods=18606 adapters=839
 compilation: enabled
              stopped_count=0, restarted_count=0
 full_count=0

Compilation events (20 events):
Event: 36.650 Thread 0x000001deff59ddd0 nmethod 21864 0x000001de89ec5590 code [0x000001de89ec57e0, 0x000001de89ec6218]
Event: 36.650 Thread 0x000001deff59ddd0 22079       3       com.android.tools.r8.internal.mm::<init> (683 bytes)
Event: 36.651 Thread 0x000001dee50a81c0 nmethod 21865 0x000001de89ec6590 code [0x000001de89ec6820, 0x000001de89ec75e8]
Event: 36.651 Thread 0x000001dee50a81c0 21838       3       com.android.tools.r8.internal.vf0::a (224 bytes)
Event: 36.653 Thread 0x000001dee50af6a0 nmethod 22035% 0x000001de89ec7890 code [0x000001de89ec86a0, 0x000001de89ed3458]
Event: 36.654 Thread 0x000001dee50af6a0 22095 %     3       com.android.tools.r8.internal.m9::a @ 856 (1680 bytes)
Event: 36.655 Thread 0x000001dee50a81c0 nmethod 21838 0x000001de89ed6610 code [0x000001de89ed6900, 0x000001de89ed7cb8]
Event: 36.655 Thread 0x000001dee50a81c0 22096       3       com.android.tools.r8.internal.Ot::a (137 bytes)
Event: 36.656 Thread 0x000001dee50a81c0 nmethod 22096 0x000001de89ed8290 code [0x000001de89ed8520, 0x000001de89ed9448]
Event: 36.656 Thread 0x000001dee50a81c0 22090       3       com.android.tools.r8.internal.Kt::a (695 bytes)
Event: 36.663 Thread 0x000001deff59ddd0 nmethod 22079 0x000001de89ed9890 code [0x000001de89ed9f00, 0x000001de89ede658]
Event: 36.663 Thread 0x000001deff59ddd0 22107       3       com.android.tools.r8.ir.regalloc.b::a (976 bytes)
Event: 36.666 Thread 0x000001dee50a81c0 nmethod 22090 0x000001de89f06390 code [0x000001de89f06880, 0x000001de89f09448]
Event: 36.667 Thread 0x000001dee50a81c0 22114       3       sun.nio.fs.NativeBuffers::getNativeBufferFromCache (51 bytes)
Event: 36.668 Thread 0x000001dee50aec00 nmethod 21890% 0x000001de89edff90 code [0x000001de89ee20a0, 0x000001de89efce58]
Event: 36.668 Thread 0x000001dee50a81c0 nmethod 22114 0x000001de89f0a690 code [0x000001de89f0a880, 0x000001de89f0aea8]
Event: 36.668 Thread 0x000001dee50a81c0 22112 %     3       com.android.tools.r8.ir.optimize.e0::a @ 21 (431 bytes)
Event: 36.669 Thread 0x000001dee50aec00 22116       3       com.android.tools.r8.internal.Xy::e (91 bytes)
Event: 36.669 Thread 0x000001dee50aec00 nmethod 22116 0x000001de89f0b090 code [0x000001de89f0b260, 0x000001de89f0b718]
Event: 36.669 Thread 0x000001dee50aec00 22119 %     3       com.android.tools.r8.graph.J0::a @ 18 (319 bytes)

GC Heap History (20 events):
Event: 33.906 GC heap after
{Heap after GC invocations=54 (full 0):
 garbage-first heap   total 247808K, used 124412K [0x0000000080000000, 0x0000000100000000)
  region size 1024K, 9 young (9216K), 9 survivors (9216K)
 Metaspace       used 119496K, committed 120384K, reserved 1179648K
  class space    used 17599K, committed 18048K, reserved 1048576K
}
Event: 33.932 GC heap before
{Heap before GC invocations=54 (full 0):
 garbage-first heap   total 247808K, used 127484K [0x0000000080000000, 0x0000000100000000)
  region size 1024K, 12 young (12288K), 9 survivors (9216K)
 Metaspace       used 119813K, committed 120768K, reserved 1179648K
  class space    used 17669K, committed 18176K, reserved 1048576K
}
Event: 33.938 GC heap after
{Heap after GC invocations=55 (full 0):
 garbage-first heap   total 247808K, used 124693K [0x0000000080000000, 0x0000000100000000)
  region size 1024K, 2 young (2048K), 2 survivors (2048K)
 Metaspace       used 119813K, committed 120768K, reserved 1179648K
  class space    used 17669K, committed 18176K, reserved 1048576K
}
Event: 34.135 GC heap before
{Heap before GC invocations=55 (full 0):
 garbage-first heap   total 247808K, used 201493K [0x0000000080000000, 0x0000000100000000)
  region size 1024K, 77 young (78848K), 2 survivors (2048K)
 Metaspace       used 122740K, committed 123776K, reserved 1179648K
  class space    used 18138K, committed 18624K, reserved 1048576K
}
Event: 34.140 GC heap after
{Heap after GC invocations=56 (full 0):
 garbage-first heap   total 247808K, used 125914K [0x0000000080000000, 0x0000000100000000)
  region size 1024K, 3 young (3072K), 3 survivors (3072K)
 Metaspace       used 122740K, committed 123776K, reserved 1179648K
  class space    used 18138K, committed 18624K, reserved 1048576K
}
Event: 34.374 GC heap before
{Heap before GC invocations=57 (full 0):
 garbage-first heap   total 247808K, used 202714K [0x0000000080000000, 0x0000000100000000)
  region size 1024K, 79 young (80896K), 3 survivors (3072K)
 Metaspace       used 124092K, committed 125056K, reserved 1179648K
  class space    used 18435K, committed 18944K, reserved 1048576K
}
Event: 34.379 GC heap after
{Heap after GC invocations=58 (full 0):
 garbage-first heap   total 247808K, used 128002K [0x0000000080000000, 0x0000000100000000)
  region size 1024K, 5 young (5120K), 5 survivors (5120K)
 Metaspace       used 124092K, committed 125056K, reserved 1179648K
  class space    used 18435K, committed 18944K, reserved 1048576K
}
Event: 34.398 GC heap before
{Heap before GC invocations=58 (full 0):
 garbage-first heap   total 247808K, used 134146K [0x0000000080000000, 0x0000000100000000)
  region size 1024K, 12 young (12288K), 5 survivors (5120K)
 Metaspace       used 124291K, committed 125248K, reserved 1179648K
  class space    used 18482K, committed 18944K, reserved 1048576K
}
Event: 34.402 GC heap after
{Heap after GC invocations=59 (full 0):
 garbage-first heap   total 247808K, used 128460K [0x0000000080000000, 0x0000000100000000)
  region size 1024K, 2 young (2048K), 2 survivors (2048K)
 Metaspace       used 124291K, committed 125248K, reserved 1179648K
  class space    used 18482K, committed 18944K, reserved 1048576K
}
Event: 34.633 GC heap before
{Heap before GC invocations=59 (full 0):
 garbage-first heap   total 247808K, used 204236K [0x0000000080000000, 0x0000000100000000)
  region size 1024K, 77 young (78848K), 2 survivors (2048K)
 Metaspace       used 126594K, committed 127616K, reserved 1179648K
  class space    used 19027K, committed 19520K, reserved 1048576K
}
Event: 34.637 GC heap after
{Heap after GC invocations=60 (full 0):
 garbage-first heap   total 247808K, used 135487K [0x0000000080000000, 0x0000000100000000)
  region size 1024K, 9 young (9216K), 9 survivors (9216K)
 Metaspace       used 126594K, committed 127616K, reserved 1179648K
  class space    used 19027K, committed 19520K, reserved 1048576K
}
Event: 35.305 GC heap before
{Heap before GC invocations=60 (full 0):
 garbage-first heap   total 247808K, used 205119K [0x0000000080000000, 0x0000000100000000)
  region size 1024K, 76 young (77824K), 9 survivors (9216K)
 Metaspace       used 130416K, committed 131392K, reserved 1179648K
  class space    used 19374K, committed 19840K, reserved 1048576K
}
Event: 35.309 GC heap after
{Heap after GC invocations=61 (full 0):
 garbage-first heap   total 247808K, used 132025K [0x0000000080000000, 0x0000000100000000)
  region size 1024K, 2 young (2048K), 2 survivors (2048K)
 Metaspace       used 130416K, committed 131392K, reserved 1179648K
  class space    used 19374K, committed 19840K, reserved 1048576K
}
Event: 35.882 GC heap before
{Heap before GC invocations=61 (full 0):
 garbage-first heap   total 247808K, used 205753K [0x0000000080000000, 0x0000000100000000)
  region size 1024K, 75 young (76800K), 2 survivors (2048K)
 Metaspace       used 134006K, committed 135104K, reserved 1179648K
  class space    used 19824K, committed 20352K, reserved 1048576K
}
Event: 35.887 GC heap after
{Heap after GC invocations=62 (full 0):
 garbage-first heap   total 247808K, used 137208K [0x0000000080000000, 0x0000000100000000)
  region size 1024K, 8 young (8192K), 8 survivors (8192K)
 Metaspace       used 134006K, committed 135104K, reserved 1179648K
  class space    used 19824K, committed 20352K, reserved 1048576K
}
Event: 36.411 GC heap before
{Heap before GC invocations=62 (full 0):
 garbage-first heap   total 247808K, used 207864K [0x0000000080000000, 0x0000000100000000)
  region size 1024K, 75 young (76800K), 8 survivors (8192K)
 Metaspace       used 136122K, committed 137280K, reserved 1179648K
  class space    used 20031K, committed 20608K, reserved 1048576K
}
Event: 36.419 GC heap after
{Heap after GC invocations=63 (full 0):
 garbage-first heap   total 247808K, used 147056K [0x0000000080000000, 0x0000000100000000)
  region size 1024K, 10 young (10240K), 10 survivors (10240K)
 Metaspace       used 136122K, committed 137280K, reserved 1179648K
  class space    used 20031K, committed 20608K, reserved 1048576K
}
Event: 36.592 GC heap before
{Heap before GC invocations=63 (full 0):
 garbage-first heap   total 247808K, used 206448K [0x0000000080000000, 0x0000000100000000)
  region size 1024K, 65 young (66560K), 10 survivors (10240K)
 Metaspace       used 138330K, committed 139520K, reserved 1179648K
  class space    used 20453K, committed 21056K, reserved 1048576K
}
Event: 36.598 GC heap after
{Heap after GC invocations=64 (full 0):
 garbage-first heap   total 247808K, used 155468K [0x0000000080000000, 0x0000000100000000)
  region size 1024K, 6 young (6144K), 6 survivors (6144K)
 Metaspace       used 138330K, committed 139520K, reserved 1179648K
  class space    used 20453K, committed 21056K, reserved 1048576K
}
Event: 36.675 GC heap before
{Heap before GC invocations=64 (full 0):
 garbage-first heap   total 247808K, used 204620K [0x0000000080000000, 0x0000000100000000)
  region size 1024K, 55 young (56320K), 6 survivors (6144K)
 Metaspace       used 138975K, committed 140224K, reserved 1179648K
  class space    used 20521K, committed 21120K, reserved 1048576K
}

Dll operation events (17 events):
Event: 0.015 Loaded shared library E:\dev\jdk-17\bin\java.dll
Event: 0.039 Loaded shared library E:\dev\jdk-17\bin\jsvml.dll
Event: 0.102 Loaded shared library E:\dev\jdk-17\bin\zip.dll
Event: 0.109 Loaded shared library E:\dev\jdk-17\bin\instrument.dll
Event: 0.113 Loaded shared library E:\dev\jdk-17\bin\net.dll
Event: 0.117 Loaded shared library E:\dev\jdk-17\bin\nio.dll
Event: 0.120 Loaded shared library E:\dev\jdk-17\bin\zip.dll
Event: 0.342 Loaded shared library E:\dev\jdk-17\bin\jimage.dll
Event: 0.496 Loaded shared library E:\dev\jdk-17\bin\verify.dll
Event: 1.350 Loaded shared library E:\dev\.gradle\native\c067742578af261105cb4f569cf0c3c89f3d7b1fecec35dd04571415982c5e48\windows-amd64\native-platform.dll
Event: 1.364 Loaded shared library E:\dev\.gradle\native\100fb08df4bc3b14c8652ba06237920a3bd2aa13389f12d3474272988ae205f9\windows-amd64\native-platform-file-events.dll
Event: 2.201 Loaded shared library E:\dev\jdk-17\bin\management.dll
Event: 2.204 Loaded shared library E:\dev\jdk-17\bin\management_ext.dll
Event: 2.411 Loaded shared library E:\dev\jdk-17\bin\extnet.dll
Event: 3.390 Loaded shared library E:\dev\jdk-17\bin\sunmscapi.dll
Event: 16.827 Loaded shared library C:\Users\15196\AppData\Local\Temp\native-platform14799394176048733547dir\native-platform.dll
Event: 17.342 Loaded shared library E:\dev\jdk-17\bin\rmi.dll

Deoptimization events (20 events):
Event: 36.629 Thread 0x000001dee8347cf0 DEOPT PACKING pc=0x000001de90005a64 sp=0x0000001a0a9fd5e0
Event: 36.629 Thread 0x000001dee8347cf0 DEOPT UNPACKING pc=0x000001de8ef3a1a3 sp=0x0000001a0a9fd578 mode 2
Event: 36.630 Thread 0x000001dedc58f5c0 DEOPT PACKING pc=0x000001de896dc088 sp=0x0000001a0b4fcfa0
Event: 36.630 Thread 0x000001dedc58f5c0 DEOPT UNPACKING pc=0x000001de8ef3ace3 sp=0x0000001a0b4fc508 mode 0
Event: 36.631 Thread 0x000001dee8347cf0 DEOPT PACKING pc=0x000001de89e81645 sp=0x0000001a0a9fca60
Event: 36.631 Thread 0x000001dee8347cf0 DEOPT UNPACKING pc=0x000001de8ef3ace3 sp=0x0000001a0a9fbed8 mode 0
Event: 36.639 Thread 0x000001dedc591930 DEOPT PACKING pc=0x000001de897b32c9 sp=0x0000001a0bafc760
Event: 36.639 Thread 0x000001dedc591930 DEOPT UNPACKING pc=0x000001de8ef3ace3 sp=0x0000001a0bafbc68 mode 0
Event: 36.650 Thread 0x000001dedc58f5c0 DEOPT PACKING pc=0x000001de8995f653 sp=0x0000001a0b4fcc20
Event: 36.650 Thread 0x000001dedc58f5c0 DEOPT UNPACKING pc=0x000001de8ef3ace3 sp=0x0000001a0b4fc1e0 mode 0
Event: 36.661 Thread 0x000001dee906e0a0 Uncommon trap: trap_request=0xffffff45 fr.pc=0x000001de8fd58d50 relative=0x0000000000000950
Event: 36.661 Thread 0x000001dee906e0a0 Uncommon trap: reason=unstable_if action=reinterpret pc=0x000001de8fd58d50 method=java.lang.ThreadLocal.get()Ljava/lang/Object; @ 11 c2
Event: 36.661 Thread 0x000001dee906e0a0 DEOPT PACKING pc=0x000001de8fd58d50 sp=0x0000001a0c3fe960
Event: 36.661 Thread 0x000001dee906e0a0 DEOPT UNPACKING pc=0x000001de8ef3a1a3 sp=0x0000001a0c3fe8b0 mode 2
Event: 36.661 Thread 0x000001dedc58f5c0 DEOPT PACKING pc=0x000001de89929e62 sp=0x0000001a0b4fc790
Event: 36.661 Thread 0x000001dedc58f5c0 DEOPT UNPACKING pc=0x000001de8ef3ace3 sp=0x0000001a0b4fbda8 mode 0
Event: 36.661 Thread 0x000001dedc58f0b0 DEOPT PACKING pc=0x000001de89e81645 sp=0x0000001a0b1fce40
Event: 36.661 Thread 0x000001dedc58f0b0 DEOPT UNPACKING pc=0x000001de8ef3ace3 sp=0x0000001a0b1fc2b8 mode 0
Event: 36.668 Thread 0x000001dedc592350 DEOPT PACKING pc=0x000001de89e81645 sp=0x0000001a0bcfce50
Event: 36.668 Thread 0x000001dedc592350 DEOPT UNPACKING pc=0x000001de8ef3ace3 sp=0x0000001a0bcfc2c8 mode 0

Classes loaded (20 events):
Event: 36.332 Loading class java/security/KeyStore$PasswordProtection
Event: 36.332 Loading class java/security/KeyStore$PasswordProtection done
Event: 36.332 Loading class sun/security/pkcs/EncryptedPrivateKeyInfo
Event: 36.333 Loading class sun/security/pkcs/EncryptedPrivateKeyInfo done
Event: 36.420 Loading class java/security/KeyStore$PrivateKeyEntry
Event: 36.421 Loading class java/security/KeyStore$Entry
Event: 36.421 Loading class java/security/KeyStore$Entry done
Event: 36.421 Loading class java/security/KeyStore$PrivateKeyEntry done
Event: 36.499 Loading class java/io/FileReader
Event: 36.499 Loading class java/io/FileReader done
Event: 36.521 Loading class java/util/stream/ReferencePipeline$15
Event: 36.521 Loading class java/util/stream/ReferencePipeline$15 done
Event: 36.527 Loading class java/util/stream/ReferencePipeline$15$1
Event: 36.527 Loading class java/util/stream/ReferencePipeline$15$1 done
Event: 36.609 Loading class java/security/SignatureException
Event: 36.609 Loading class java/security/SignatureException done
Event: 36.625 Loading class java/security/cert/CertificateEncodingException
Event: 36.625 Loading class java/security/cert/CertificateEncodingException done
Event: 36.654 Loading class java/util/concurrent/ForkJoinTask$AdaptedCallable
Event: 36.655 Loading class java/util/concurrent/ForkJoinTask$AdaptedCallable done

Classes unloaded (20 events):
Event: 34.198 Thread 0x000001deff576ce0 Unloading class 0x000001de9d018c00 'java/lang/invoke/LambdaForm$DMH+0x000001de9d018c00'
Event: 34.198 Thread 0x000001deff576ce0 Unloading class 0x000001de9d018800 'java/lang/invoke/LambdaForm$DMH+0x000001de9d018800'
Event: 34.198 Thread 0x000001deff576ce0 Unloading class 0x000001de9d018400 'java/lang/invoke/LambdaForm$DMH+0x000001de9d018400'
Event: 34.198 Thread 0x000001deff576ce0 Unloading class 0x000001de9cfb9400 'java/lang/invoke/LambdaForm$DMH+0x000001de9cfb9400'
Event: 34.198 Thread 0x000001deff576ce0 Unloading class 0x000001de9cfb9000 'java/lang/invoke/LambdaForm$DMH+0x000001de9cfb9000'
Event: 34.198 Thread 0x000001deff576ce0 Unloading class 0x000001de9cfb8c00 'java/lang/invoke/LambdaForm$DMH+0x000001de9cfb8c00'
Event: 34.198 Thread 0x000001deff576ce0 Unloading class 0x000001de9cfb8400 'java/lang/invoke/LambdaForm$DMH+0x000001de9cfb8400'
Event: 34.198 Thread 0x000001deff576ce0 Unloading class 0x000001de9cfb8800 'java/lang/invoke/LambdaForm$DMH+0x000001de9cfb8800'
Event: 34.198 Thread 0x000001deff576ce0 Unloading class 0x000001de9cf13000 'java/lang/invoke/LambdaForm$DMH+0x000001de9cf13000'
Event: 34.198 Thread 0x000001deff576ce0 Unloading class 0x000001de9cf12c00 'java/lang/invoke/LambdaForm$DMH+0x000001de9cf12c00'
Event: 34.198 Thread 0x000001deff576ce0 Unloading class 0x000001de9cf12800 'java/lang/invoke/LambdaForm$DMH+0x000001de9cf12800'
Event: 34.198 Thread 0x000001deff576ce0 Unloading class 0x000001de9cf12000 'java/lang/invoke/LambdaForm$DMH+0x000001de9cf12000'
Event: 34.198 Thread 0x000001deff576ce0 Unloading class 0x000001de9cf12400 'java/lang/invoke/LambdaForm$DMH+0x000001de9cf12400'
Event: 34.198 Thread 0x000001deff576ce0 Unloading class 0x000001de9cf11c00 'java/lang/invoke/LambdaForm$DMH+0x000001de9cf11c00'
Event: 34.198 Thread 0x000001deff576ce0 Unloading class 0x000001de9cf11800 'java/lang/invoke/LambdaForm$DMH+0x000001de9cf11800'
Event: 34.198 Thread 0x000001deff576ce0 Unloading class 0x000001de9cf11400 'java/lang/invoke/LambdaForm$DMH+0x000001de9cf11400'
Event: 34.198 Thread 0x000001deff576ce0 Unloading class 0x000001de9cf10c00 'java/lang/invoke/LambdaForm$DMH+0x000001de9cf10c00'
Event: 34.198 Thread 0x000001deff576ce0 Unloading class 0x000001de9cf11000 'java/lang/invoke/LambdaForm$DMH+0x000001de9cf11000'
Event: 34.198 Thread 0x000001deff576ce0 Unloading class 0x000001de9cf10800 'java/lang/invoke/LambdaForm$DMH+0x000001de9cf10800'
Event: 34.198 Thread 0x000001deff576ce0 Unloading class 0x000001de9cf10000 'java/lang/invoke/LambdaForm$DMH+0x000001de9cf10000'

Classes redefined (0 events):
No events

Internal exceptions (20 events):
Event: 36.627 Thread 0x000001dee7da3030 Exception <a 'sun/nio/fs/WindowsException'{0x000000008e301798}> (0x000000008e301798) 
thrown [s\src\hotspot\share\prims\jni.cpp, line 516]
Event: 36.631 Thread 0x000001dee7da3030 Exception <a 'sun/nio/fs/WindowsException'{0x000000008e1b6510}> (0x000000008e1b6510) 
thrown [s\src\hotspot\share\prims\jni.cpp, line 516]
Event: 36.632 Thread 0x000001dee8347cf0 Exception <a 'sun/nio/fs/WindowsException'{0x000000008dff81c8}> (0x000000008dff81c8) 
thrown [s\src\hotspot\share\prims\jni.cpp, line 516]
Event: 36.634 Thread 0x000001dee7686840 Exception <a 'sun/nio/fs/WindowsException'{0x000000008dea94c8}> (0x000000008dea94c8) 
thrown [s\src\hotspot\share\prims\jni.cpp, line 516]
Event: 36.634 Thread 0x000001dee8347cf0 Exception <a 'sun/nio/fs/WindowsException'{0x000000008dfff520}> (0x000000008dfff520) 
thrown [s\src\hotspot\share\prims\jni.cpp, line 516]
Event: 36.637 Thread 0x000001dee7686840 Exception <a 'sun/nio/fs/WindowsException'{0x000000008dac1038}> (0x000000008dac1038) 
thrown [s\src\hotspot\share\prims\jni.cpp, line 516]
Event: 36.637 Thread 0x000001dee8347cf0 Exception <a 'sun/nio/fs/WindowsException'{0x000000008d9761f8}> (0x000000008d9761f8) 
thrown [s\src\hotspot\share\prims\jni.cpp, line 516]
Event: 36.639 Thread 0x000001dee7686840 Exception <a 'sun/nio/fs/WindowsException'{0x000000008d8e5ce0}> (0x000000008d8e5ce0) 
thrown [s\src\hotspot\share\prims\jni.cpp, line 516]
Event: 36.646 Thread 0x000001dedc58d760 Exception <a 'sun/nio/fs/WindowsException'{0x000000008d3b9eb8}> (0x000000008d3b9eb8) 
thrown [s\src\hotspot\share\prims\jni.cpp, line 516]
Event: 36.648 Thread 0x000001dedc58d760 Exception <a 'sun/nio/fs/WindowsException'{0x000000008d195468}> (0x000000008d195468) 
thrown [s\src\hotspot\share\prims\jni.cpp, line 516]
Event: 36.650 Thread 0x000001dedc58d760 Exception <a 'sun/nio/fs/WindowsException'{0x000000008cf6c540}> (0x000000008cf6c540) 
thrown [s\src\hotspot\share\prims\jni.cpp, line 516]
Event: 36.652 Thread 0x000001dedc58d760 Exception <a 'sun/nio/fs/WindowsException'{0x000000008cefc828}> (0x000000008cefc828) 
thrown [s\src\hotspot\share\prims\jni.cpp, line 516]
Event: 36.654 Thread 0x000001dedc58dc70 Exception <a 'sun/nio/fs/WindowsException'{0x000000008cde0718}> (0x000000008cde0718) 
thrown [s\src\hotspot\share\prims\jni.cpp, line 516]
Event: 36.661 Thread 0x000001dee906e0a0 Implicit null exception at 0x000001de8fd58430 to 0x000001de8fd58d38
Event: 36.663 Thread 0x000001dedc58f0b0 Exception <a 'sun/nio/fs/WindowsException'{0x000000008c672828}> (0x000000008c672828) 
thrown [s\src\hotspot\share\prims\jni.cpp, line 516]
Event: 36.664 Thread 0x000001dedc58f0b0 Exception <a 'sun/nio/fs/WindowsException'{0x000000008c5b0948}> (0x000000008c5b0948) 
thrown [s\src\hotspot\share\prims\jni.cpp, line 516]
Event: 36.669 Thread 0x000001dedc58f0b0 Exception <a 'sun/nio/fs/WindowsException'{0x000000008c353470}> (0x000000008c353470) 
thrown [s\src\hotspot\share\prims\jni.cpp, line 516]
Event: 36.670 Thread 0x000001dedc592350 Exception <a 'sun/nio/fs/WindowsException'{0x000000008c205ef0}> (0x000000008c205ef0) 
thrown [s\src\hotspot\share\prims\jni.cpp, line 516]
Event: 36.671 Thread 0x000001dedc58f0b0 Exception <a 'sun/nio/fs/WindowsException'{0x000000008c193e50}> (0x000000008c193e50) 
thrown [s\src\hotspot\share\prims\jni.cpp, line 516]
Event: 36.672 Thread 0x000001dedc592350 Exception <a 'sun/nio/fs/WindowsException'{0x000000008c171570}> (0x000000008c171570) 
thrown [s\src\hotspot\share\prims\jni.cpp, line 516]

VM Operations (20 events):
Event: 35.915 Executing VM operation: ICBufferFull done
Event: 35.989 Executing VM operation: HandshakeAllThreads
Event: 35.990 Executing VM operation: HandshakeAllThreads done
Event: 36.015 Executing VM operation: HandshakeAllThreads
Event: 36.017 Executing VM operation: HandshakeAllThreads done
Event: 36.198 Executing VM operation: ICBufferFull
Event: 36.198 Executing VM operation: ICBufferFull done
Event: 36.405 Executing VM operation: G1CollectForAllocation
Event: 36.419 Executing VM operation: G1CollectForAllocation done
Event: 36.532 Executing VM operation: ICBufferFull
Event: 36.533 Executing VM operation: ICBufferFull done
Event: 36.567 Executing VM operation: ICBufferFull
Event: 36.567 Executing VM operation: ICBufferFull done
Event: 36.568 Executing VM operation: ICBufferFull
Event: 36.568 Executing VM operation: ICBufferFull done
Event: 36.591 Executing VM operation: ICBufferFull
Event: 36.592 Executing VM operation: ICBufferFull done
Event: 36.592 Executing VM operation: G1CollectForAllocation
Event: 36.598 Executing VM operation: G1CollectForAllocation done
Event: 36.672 Executing VM operation: G1CollectForAllocation

Memory protections (0 events):
No events

Nmethod flushes (20 events):
Event: 35.866 Thread 0x000001deff59e2f0 flushing  nmethod 0x000001de88549290
Event: 35.868 Thread 0x000001deff59e2f0 flushing  nmethod 0x000001de8868e990
Event: 35.870 Thread 0x000001deff59e2f0 flushing  nmethod 0x000001de8875b190
Event: 35.874 Thread 0x000001deff59e2f0 flushing  nmethod 0x000001de88a70010
Event: 35.877 Thread 0x000001deff59e2f0 flushing  nmethod 0x000001de88bff490
Event: 35.877 Thread 0x000001deff59e2f0 flushing  nmethod 0x000001de88c16310
Event: 35.878 Thread 0x000001deff59e2f0 flushing  nmethod 0x000001de88c3d510
Event: 35.880 Thread 0x000001deff59e2f0 flushing  nmethod 0x000001de88d4d390
Event: 35.880 Thread 0x000001deff59e2f0 flushing  nmethod 0x000001de88d4f490
Event: 35.881 Thread 0x000001deff59e2f0 flushing  nmethod 0x000001de88d90e10
Event: 35.889 Thread 0x000001deff59e2f0 flushing  nmethod 0x000001de88e5fe90
Event: 35.889 Thread 0x000001deff59e2f0 flushing  nmethod 0x000001de88e69590
Event: 35.890 Thread 0x000001deff59e2f0 flushing  nmethod 0x000001de88f18a10
Event: 35.891 Thread 0x000001deff59e2f0 flushing  nmethod 0x000001de88f61190
Event: 35.891 Thread 0x000001deff59e2f0 flushing  nmethod 0x000001de88f62f90
Event: 35.891 Thread 0x000001deff59e2f0 flushing  nmethod 0x000001de88f84190
Event: 35.893 Thread 0x000001deff59e2f0 flushing  nmethod 0x000001de89047410
Event: 35.893 Thread 0x000001deff59e2f0 flushing  nmethod 0x000001de89078410
Event: 35.906 Thread 0x000001deff59e2f0 flushing  nmethod 0x000001de8959b510
Event: 35.906 Thread 0x000001deff59e2f0 flushing  nmethod 0x000001de895bf810

Events (20 events):
Event: 32.420 Thread 0x000001dee7689ae0 Thread added: 0x000001dedc58cd40
Event: 32.421 Thread 0x000001dee7689ae0 Thread added: 0x000001dedc591e40
Event: 32.423 Thread 0x000001dee7689ae0 Thread added: 0x000001dedc590a00
Event: 32.424 Thread 0x000001dee7689ae0 Thread added: 0x000001dedc590f10
Event: 32.426 Thread 0x000001dee7689ae0 Thread added: 0x000001dedc591420
Event: 32.427 Thread 0x000001dee7689ae0 Thread added: 0x000001dedc591930
Event: 32.429 Thread 0x000001dee7689ae0 Thread added: 0x000001dedc592d70
Event: 32.430 Thread 0x000001dee7689ae0 Thread added: 0x000001dedc592350
Event: 32.431 Thread 0x000001dee7689ae0 Thread added: 0x000001dedc592860
Event: 32.432 Thread 0x000001dee7689ae0 Thread added: 0x000001dedc593280
Event: 33.001 Thread 0x000001deff59ddd0 Thread added: 0x000001dee50af6a0
Event: 33.349 Thread 0x000001dee7d3b580 Thread exited: 0x000001dee7d3b580
Event: 35.590 Thread 0x000001dedc591420 Thread added: 0x000001dee906b9d0
Event: 35.606 Thread 0x000001dee7da2610 Thread added: 0x000001dee4faaa60
Event: 36.588 Thread 0x000001dee50af6a0 Thread added: 0x000001dee709a790
Event: 36.647 Thread 0x000001dee50a81c0 Thread added: 0x000001dee86bb4d0
Event: 36.658 Thread 0x000001dedc592860 Thread added: 0x000001dee906e0a0
Event: 36.661 Thread 0x000001dee906e0a0 Thread added: 0x000001dee941e510
Event: 36.662 Thread 0x000001dee941e510 Thread added: 0x000001dee8285c40
Event: 36.662 Thread 0x000001dee8285c40 Thread added: 0x000001dee3bd12f0


Dynamic libraries:
0x00007ff6f7470000 - 0x00007ff6f747e000 	E:\dev\jdk-17\bin\java.exe
0x00007ffbcd1c0000 - 0x00007ffbcd427000 	C:\Windows\SYSTEM32\ntdll.dll
0x00007ffbcba90000 - 0x00007ffbcbb5b000 	C:\Windows\System32\KERNEL32.DLL
0x00007ffbca810000 - 0x00007ffbcac12000 	C:\Windows\System32\KERNELBASE.dll
0x00007ffbcac50000 - 0x00007ffbcad9c000 	C:\Windows\System32\ucrtbase.dll
0x00007ffb9fcd0000 - 0x00007ffb9fce8000 	E:\dev\jdk-17\bin\jli.dll
0x00007ffba3960000 - 0x00007ffba397e000 	E:\dev\jdk-17\bin\VCRUNTIME140.dll
0x00007ffbccb20000 - 0x00007ffbcccef000 	C:\Windows\System32\USER32.dll
0x00007ffba7840000 - 0x00007ffba7ad0000 	C:\Windows\WinSxS\amd64_microsoft.windows.common-controls_6595b64144ccf1df_6.0.26100.9278_none_3e0d1ba8e3303201\COMCTL32.dll
0x00007ffbcac20000 - 0x00007ffbcac47000 	C:\Windows\System32\win32u.dll
0x00007ffbcaee0000 - 0x00007ffbcaf89000 	C:\Windows\System32\msvcrt.dll
0x00007ffbcca50000 - 0x00007ffbcca7b000 	C:\Windows\System32\GDI32.dll
0x00007ffbcadb0000 - 0x00007ffbcaed9000 	C:\Windows\System32\gdi32full.dll
0x00007ffbca510000 - 0x00007ffbca5b3000 	C:\Windows\System32\msvcp_win.dll
0x00007ffbccd80000 - 0x00007ffbccdb1000 	C:\Windows\System32\IMM32.DLL
0x00007ffbadc50000 - 0x00007ffbadc5c000 	E:\dev\jdk-17\bin\vcruntime140_1.dll
0x00007ffb86fe0000 - 0x00007ffb8706d000 	E:\dev\jdk-17\bin\msvcp140.dll
0x00007ffb07190000 - 0x00007ffb07dfc000 	E:\dev\jdk-17\bin\server\jvm.dll
0x00007ffbcd090000 - 0x00007ffbcd14c000 	C:\Windows\System32\ADVAPI32.dll
0x00007ffbcb870000 - 0x00007ffbcb919000 	C:\Windows\System32\sechost.dll
0x00007ffbcb740000 - 0x00007ffbcb858000 	C:\Windows\System32\RPCRT4.dll
0x00007ffbcb480000 - 0x00007ffbcb500000 	C:\Windows\System32\WS2_32.dll
0x00007ffbc8e30000 - 0x00007ffbc8e8e000 	C:\Windows\SYSTEM32\POWRPROF.dll
0x00007ffbb9ad0000 - 0x00007ffbb9b06000 	C:\Windows\SYSTEM32\WINMM.dll
0x00007ffbc1250000 - 0x00007ffbc125b000 	C:\Windows\SYSTEM32\VERSION.dll
0x00007ffbc8e10000 - 0x00007ffbc8e25000 	C:\Windows\SYSTEM32\UMPDC.dll
0x00007ffbc9190000 - 0x00007ffbc91ab000 	C:\Windows\SYSTEM32\kernel.appcore.dll
0x00007ffbacaf0000 - 0x00007ffbacafa000 	E:\dev\jdk-17\bin\jimage.dll
0x00007ffbc77b0000 - 0x00007ffbc79fc000 	C:\Windows\SYSTEM32\DBGHELP.DLL
0x00007ffbcaf90000 - 0x00007ffbcb315000 	C:\Windows\System32\combase.dll
0x00007ffbcb610000 - 0x00007ffbcb6e9000 	C:\Windows\System32\OLEAUT32.dll
0x00007ffbc6080000 - 0x00007ffbc60bb000 	C:\Windows\SYSTEM32\dbgcore.DLL
0x00007ffbca3c0000 - 0x00007ffbca46c000 	C:\Windows\System32\bcryptPrimitives.dll
0x00007ffba2880000 - 0x00007ffba288e000 	E:\dev\jdk-17\bin\instrument.dll
0x00007ffb8b190000 - 0x00007ffb8b1b5000 	E:\dev\jdk-17\bin\java.dll
0x00007ffb62ef0000 - 0x00007ffb62fc7000 	E:\dev\jdk-17\bin\jsvml.dll
0x00007ffbcbbf0000 - 0x00007ffbcc388000 	C:\Windows\System32\SHELL32.dll
0x00007ffbc7e00000 - 0x00007ffbc86ae000 	C:\Windows\SYSTEM32\windows.storage.dll
0x00007ffbcb510000 - 0x00007ffbcb60b000 	C:\Windows\System32\SHCORE.dll
0x00007ffbcb920000 - 0x00007ffbcb986000 	C:\Windows\System32\shlwapi.dll
0x00007ffbca2e0000 - 0x00007ffbca309000 	C:\Windows\SYSTEM32\profapi.dll
0x00007ffb865f0000 - 0x00007ffb86608000 	E:\dev\jdk-17\bin\zip.dll
0x00007ffb8b170000 - 0x00007ffb8b18a000 	E:\dev\jdk-17\bin\net.dll
0x00007ffbc26f0000 - 0x00007ffbc281a000 	C:\Windows\SYSTEM32\WINHTTP.dll
0x00007ffbc9770000 - 0x00007ffbc97dc000 	C:\Windows\system32\mswsock.dll
0x00007ffb8b150000 - 0x00007ffb8b166000 	E:\dev\jdk-17\bin\nio.dll
0x00007ffbab880000 - 0x00007ffbab890000 	E:\dev\jdk-17\bin\verify.dll
0x00007ffb7d370000 - 0x00007ffb7d397000 	E:\dev\.gradle\native\c067742578af261105cb4f569cf0c3c89f3d7b1fecec35dd04571415982c5e48\windows-amd64\native-platform.dll
0x00007ffb5fc20000 - 0x00007ffb5fd64000 	E:\dev\.gradle\native\100fb08df4bc3b14c8652ba06237920a3bd2aa13389f12d3474272988ae205f9\windows-amd64\native-platform-file-events.dll
0x00007ffba4ef0000 - 0x00007ffba4efa000 	E:\dev\jdk-17\bin\management.dll
0x00007ffba3840000 - 0x00007ffba384c000 	E:\dev\jdk-17\bin\management_ext.dll
0x00007ffbcb860000 - 0x00007ffbcb868000 	C:\Windows\System32\PSAPI.DLL
0x00007ffbc9a60000 - 0x00007ffbc9a7b000 	C:\Windows\SYSTEM32\CRYPTSP.dll
0x00007ffbc90f0000 - 0x00007ffbc9129000 	C:\Windows\system32\rsaenh.dll
0x00007ffbc9820000 - 0x00007ffbc9854000 	C:\Windows\SYSTEM32\USERENV.dll
0x00007ffbca2b0000 - 0x00007ffbca2da000 	C:\Windows\SYSTEM32\bcrypt.dll
0x00007ffbc9a80000 - 0x00007ffbc9a8c000 	C:\Windows\SYSTEM32\CRYPTBASE.dll
0x00007ffbc8a50000 - 0x00007ffbc8a83000 	C:\Windows\SYSTEM32\IPHLPAPI.DLL
0x00007ffbcd080000 - 0x00007ffbcd08a000 	C:\Windows\System32\NSI.dll
0x00007ffbc2510000 - 0x00007ffbc252d000 	C:\Windows\SYSTEM32\dhcpcsvc6.DLL
0x00007ffbc2490000 - 0x00007ffbc24b5000 	C:\Windows\SYSTEM32\dhcpcsvc.DLL
0x00007ffbc8af0000 - 0x00007ffbc8c48000 	C:\Windows\SYSTEM32\DNSAPI.dll
0x00007ffbc9550000 - 0x00007ffbc955d000 	C:\Windows\SYSTEM32\DSPARSE.dll
0x00007ffba1010000 - 0x00007ffba1019000 	E:\dev\jdk-17\bin\extnet.dll
0x00007ffba0260000 - 0x00007ffba026e000 	E:\dev\jdk-17\bin\sunmscapi.dll
0x00007ffbca5c0000 - 0x00007ffbca73e000 	C:\Windows\System32\CRYPT32.dll
0x00007ffbc9ca0000 - 0x00007ffbc9cd0000 	C:\Windows\SYSTEM32\ncrypt.dll
0x00007ffbc9c50000 - 0x00007ffbc9c8f000 	C:\Windows\SYSTEM32\NTASN1.dll
0x00007ffb3a620000 - 0x00007ffb3a628000 	C:\Windows\system32\wshunix.dll
0x00007ffb9d6d0000 - 0x00007ffb9d6e8000 	C:\Windows\system32\napinsp.dll
0x00007ffb9cd50000 - 0x00007ffb9cd63000 	C:\Windows\System32\winrnr.dll
0x00007ffb9b660000 - 0x00007ffb9b687000 	C:\Windows\system32\nlansp_c.dll
0x00007ffbc1330000 - 0x00007ffbc1346000 	C:\Windows\system32\wshbth.dll
0x00007ffbc2500000 - 0x00007ffbc250b000 	C:\Windows\System32\rasadhlp.dll
0x00007ffbc0280000 - 0x00007ffbc0306000 	C:\Windows\System32\fwpuclnt.dll
0x00007ffb7d350000 - 0x00007ffb7d36e000 	C:\Users\15196\AppData\Local\Temp\native-platform14799394176048733547dir\native-platform.dll
0x00007ffb9fd10000 - 0x00007ffb9fd17000 	E:\dev\jdk-17\bin\rmi.dll

dbghelp: loaded successfully - version: 4.0.5 - missing functions: none
symbol engine: initialized successfully - sym options: 0x614 - pdb path: .;E:\dev\jdk-17\bin;C:\Windows\SYSTEM32;C:\Windows\WinSxS\amd64_microsoft.windows.common-controls_6595b64144ccf1df_6.0.26100.9278_none_3e0d1ba8e3303201;E:\dev\jdk-17\bin\server;E:\dev\.gradle\native\c067742578af261105cb4f569cf0c3c89f3d7b1fecec35dd04571415982c5e48\windows-amd64;E:\dev\.gradle\native\100fb08df4bc3b14c8652ba06237920a3bd2aa13389f12d3474272988ae205f9\windows-amd64;C:\Users\15196\AppData\Local\Temp\native-platform14799394176048733547dir

VM Arguments:
jvm_args: --add-opens=java.base/java.util=ALL-UNNAMED --add-opens=java.base/java.lang=ALL-UNNAMED --add-opens=java.base/java.lang.invoke=ALL-UNNAMED --add-opens=java.prefs/java.util.prefs=ALL-UNNAMED --add-exports=jdk.compiler/com.sun.tools.javac.api=ALL-UNNAMED --add-exports=jdk.compiler/com.sun.tools.javac.util=ALL-UNNAMED --add-opens=java.base/java.nio.charset=ALL-UNNAMED --add-opens=java.base/java.net=ALL-UNNAMED --add-opens=java.base/java.util.concurrent.atomic=ALL-UNNAMED -Xmx2048m -Dfile.encoding=UTF-8 -Duser.country=CN -Duser.language=zh -Duser.variant -javaagent:E:\dev\.gradle\wrapper\dists\gradle-8.9-bin\78qddjpeqn5v6yec3xb8kv9ca\gradle-8.9\lib\agents\gradle-instrumentation-agent-8.9.jar 
java_command: org.gradle.launcher.daemon.bootstrap.GradleDaemon 8.9
java_class_path (initial): E:\dev\.gradle\wrapper\dists\gradle-8.9-bin\78qddjpeqn5v6yec3xb8kv9ca\gradle-8.9\lib\gradle-daemon-main-8.9.jar
Launcher Type: SUN_STANDARD

[Global flags]
     intx CICompilerCount                          = 15                                        {product} {ergonomic}
     uint ConcGCThreads                            = 6                                         {product} {ergonomic}
     uint G1ConcRefinementThreads                  = 23                                        {product} {ergonomic}
   size_t G1HeapRegionSize                         = 1048576                                   {product} {ergonomic}
    uintx GCDrainStackTargetSize                   = 64                                        {product} {ergonomic}
   size_t InitialHeapSize                          = 266338304                                 {product} {ergonomic}
   size_t MarkStackSize                            = 4194304                                   {product} {ergonomic}
   size_t MaxHeapSize                              = 2147483648                                {product} {command line}
   size_t MaxNewSize                               = 1287651328                                {product} {ergonomic}
   size_t MinHeapDeltaBytes                        = 1048576                                   {product} {ergonomic}
   size_t MinHeapSize                              = 8388608                                   {product} {ergonomic}
    uintx NonNMethodCodeHeapSize                   = 8192380                                {pd product} {ergonomic}
    uintx NonProfiledCodeHeapSize                  = 121732930                              {pd product} {ergonomic}
    uintx ProfiledCodeHeapSize                     = 121732930                              {pd product} {ergonomic}
    uintx ReservedCodeCacheSize                    = 251658240                              {pd product} {ergonomic}
     bool SegmentedCodeCache                       = true                                      {product} {ergonomic}
   size_t SoftMaxHeapSize                          = 2147483648                             {manageable} {ergonomic}
     bool UseCompressedClassPointers               = true                           {product lp64_product} {ergonomic}
     bool UseCompressedOops                        = true                           {product lp64_product} {ergonomic}
     bool UseG1GC                                  = true                                      {product} {ergonomic}
     bool UseLargePagesIndividualAllocation        = false                                  {pd product} {ergonomic}

Logging:
Log output configuration:
 #0: stdout all=warning uptime,level,tags
 #1: stderr all=off uptime,level,tags

Environment Variables:
JAVA_HOME=E:\dev\jdk-17
CLASSPATH=E:\tmp\audio_share\android\\gradle\wrapper\gradle-wrapper.jar
PATH=C:\Users\15196\bin;D:\software\Git\mingw64\bin;D:\software\Git\usr\local\bin;D:\software\Git\usr\bin;D:\software\Git\usr\bin;D:\software\Git\mingw64\bin;D:\software\Git\usr\bin;C:\Users\15196\bin;E:\software\RealEvo\compiler\arm-none-toolchain\bin;E:\software\RealEvo\compiler\loongarch64-sylixos-toolchain\bin;E:\software\RealEvo\compiler\csky-sylixos-toolchain\bin;E:\software\RealEvo\compiler\aarch64-sylixos-toolchain\bin;E:\software\RealEvo\compiler\riscv-sylixos-toolchain\bin;E:\software\RealEvo\compiler\sparc-sylixos-toolchain\bin;E:\software\RealEvo\compiler\c6x-sylixos-toolchain\bin;E:\software\RealEvo\compiler\arm-sylixoslite-toolchain\bin;E:\software\RealEvo\compiler\mips64-sylixos-toolchain\bin;E:\software\RealEvo\compiler\mips-sylixos-toolchain\bin;E:\software\RealEvo\compiler\ppc-sylixos-toolchain\bin;E:\software\RealEvo\compiler\x86_64-sylixos-toolchain\bin;E:\software\RealEvo\compiler\x86-sylixos-toolchain\bin;E:\software\RealEvo\compiler\arm-sylixos-toolchain\bin;E:\software\RealEvo\tools\yagarto-tools\bin;C:\Windows\system32;C:\Windows;C:\Windows\System32\Wbem;C:\Windows\System32\WindowsPowerShell\v1.0;C:\Windows\System32\OpenSSH;C:\Program Files\NVIDIA Corporation\NVIDIA app\NvDLISR;C:\Program Files\dotnet;D:\software\Git\cmd;C:\Program Files (x86)\NVIDIA Corporation\PhysX\Common;C:\Program Files (x86)\STMicroelectronics\STM32 ST-LINK Utility\ST-LINK Utility;E:\Qt\6.2.4\mingw_64\bin;E:\software\python_3_12;E:\software\nodejs;C:\Program Files\Tailscale;C:\Users\15196\AppData\Local\pnpm\bin;C:\Users\15196\AppData\Local\Programs\Python\Launcher;C:\Users\15196\AppData\Local\Microsoft\WindowsApps;D:\software\Microsoft VS Code\bin;E:\software\mingw64\bin;E:\software\cmake_4_3_0\bin;C:\Users\15196\AppData\Local\Microsoft\WinGet\Packages\BurntSushi.ripgrep.MSVC_Microsoft.Winget.Source_8wekyb3d8bbwe\ripgrep-15.1.0-x86_64-pc-windows-msvc;C:\Users\15196\AppData\Local\Microsoft\WinGet\Packages\Anthropic.ClaudeCode_Microsoft.Winget.Source_8wekyb3d8bbwe;C:\Users\15196\AppData\Local\PowerToys\DSCModules;C:\Users\15196\AppData\Roaming\npm;C:\Users\15196\AppData\Local\OfficeCli;E:\software\nmap;C:\Users\15196\.dotnet\tools;E:\software\zcode\resources\tools\ripgrep;E:\software\zcode\resources\tools\ugrep;D:\software\Git\usr\bin\vendor_perl;D:\software\Git\usr\bin\core_perl
USERNAME=15196
SHELL=D:\software\Git\bin\bash.exe
LANG=C.UTF-8
LC_CTYPE=C.UTF-8
TERM=xterm-256color
OS=Windows_NT
PROCESSOR_IDENTIFIER=AMD64 Family 25 Model 97 Stepping 2, AuthenticAMD
TMP=C:\Users\15196\AppData\Local\Temp
TEMP=C:\Users\15196\AppData\Local\Temp



Periodic native trim disabled


---------------  S Y S T E M  ---------------

OS:
 Windows 11 , 64 bit Build 26100 (10.0.26100.9444)
OS uptime: 4 days 21:20 hours
Hyper-V role detected

CPU: total 32 (initial active 32) (32 cores per cpu, 2 threads per core) family 25 model 97 stepping 2 microcode 0xa60120c, cx8, cmov, fxsr, ht, mmx, 3dnowpref, sse, sse2, sse3, ssse3, sse4a, sse4.1, sse4.2, popcnt, lzcnt, tsc, tscinvbit, avx, avx2, aes, erms, clmul, bmi1, bmi2, adx, avx512f, avx512dq, avx512cd, avx512bw, avx512vl, sha, fma, vzeroupper, avx512_vpopcntdq, avx512_vpclmulqdq, avx512_vaes, avx512_vnni, clflush, clflushopt, avx512_vbmi2, avx512_vbmi, hv
Processor Information for all 32 processors :
  Max Mhz: 2501, Current Mhz: 2501, Mhz Limit: 2501

Memory: 4k page, system-wide physical 16176M (1340M free)
TotalPageFile size 35376M (AvailPageFile size 16M)
current process WorkingSet (physical memory assigned to process): 666M, peak: 666M
current process commit charge ("private bytes"): 758M, peak: 987M

vm_info: OpenJDK 64-Bit Server VM (17.0.20.1+1) for windows-amd64 JRE (17.0.20.1+1), built on Aug 18 2026 20:44:09 by "admin" with MS VC++ 17.12 (VS2022)

END.
